data/number_recognition/annotations/bibs/ground_truth/bajada-marjal-17/IMG_5265-01.JPG,y,17
data/number_recognition/annotations/bibs/ground_truth/bajada-marjal-17/IMG_5267-00.JPG,y,27
data/number_recognition/annotations/bibs/ground_truth/bajada-marjal-17/IMG_5268-00.JPG,y,9
data/number_recognition/annotations/bibs/ground_truth/bajada-marjal-17/IMG_5266-00.JPG,y,17
data/number_recognition/annotations/bibs/ground_truth/bajada-marjal-17/IMG_5266-01.JPG,n,
data/number_recognition/annotations/bibs/ground_truth/bajada-marjal-17/IMG_5265-00.JPG,y,33
data/number_recognition/annotations/bibs/ground_truth/bajada-marjal-17/IMG_5330-01.JPG,y,51
data/number_recognition/annotations/bibs/ground_truth/bajada-marjal-17/IMG_5348-01.JPG,y,491
data/number_recognition/annotations/bibs/ground_truth/bajada-marjal-17/IMG_5324-01.JPG,y,576
data/number_recognition/annotations/bibs/ground_truth/bajada-marjal-17/IMG_5346-06.JPG,n,
data/number_recognition/annotations/bibs/ground_truth/bajada-marjal-17/IMG_5423-02.JPG,y,281
data/number_recognition/annotations/bibs/ground_truth/bajada-marjal-17/IMG_5277-01.JPG,n,
data/number_recognition/annotations/bibs/ground_truth/bajada-marjal-17/IMG_5278-01.JPG,y,3
data/number_recognition/annotations/bibs/ground_truth/bajada-marjal-17/IMG_5331-04.JPG,n,
data/number_recognition/annotations/bibs/ground_truth/bajada-marjal-17/IMG_5313-01.JPG,n,
data/number_recognition/annotations/bibs/ground_truth/bajada-marjal-17/IMG_5362-00.JPG,y,87
data/number_recognition/annotations/bibs/ground_truth/bajada-marjal-17/IMG_5351-02.JPG,y,974
data/number_recognition/annotations/bibs/ground_truth/bajada-marjal-17/IMG_5400-01.JPG,y,234
data/number_recognition/annotations/bibs/ground_truth/bajada-marjal-17/IMG_5415-00.JPG,y,189
data/number_recognition/annotations/bibs/ground_truth/bajada-marjal-17/IMG_5385-02.JPG,y,160
data/number_recognition/annotations/bibs/ground_truth/bajada-marjal-17/IMG_5390-00.JPG,y,238
data/number_recognition/annotations/bibs/ground_truth/bajada-marjal-17/IMG_5316-00.JPG,y,518
data/number_recognition/annotations/bibs/ground_truth/bajada-marjal-17/IMG_5392-02.JPG,y,179
data/number_recognition/annotations/bibs/ground_truth/bajada-marjal-17/IMG_5424-02.JPG,y,148
data/number_recognition/annotations/bibs/ground_truth/bajada-marjal-17/IMG_5354-02.JPG,y,1150
data/number_recognition/annotations/bibs/ground_truth/bajada-marjal-17/IMG_5361-03.JPG,y,244
data/number_recognition/annotations/bibs/ground_truth/bajada-marjal-17/IMG_5332-04.JPG,n,
data/number_recognition/annotations/bibs/ground_truth/bajada-marjal-17/IMG_5386-01.JPG,y,285
data/number_recognition/annotations/bibs/ground_truth/bajada-marjal-17/IMG_5426-00.JPG,y,277
data/number_recognition/annotations/bibs/ground_truth/bajada-marjal-17/IMG_5310-01.JPG,y,1101
data/number_recognition/annotations/bibs/ground_truth/bajada-marjal-17/IMG_5325-02.JPG,y,437
data/number_recognition/annotations/bibs/ground_truth/bajada-marjal-17/IMG_5424-01.JPG,y,272
data/number_recognition/annotations/bibs/ground_truth/bajada-marjal-17/IMG_5381-00.JPG,y,203
data/number_recognition/annotations/bibs/ground_truth/bajada-marjal-17/IMG_5352-01.JPG,y,975
data/number_recognition/annotations/bibs/ground_truth/bajada-marjal-17/IMG_5368-00.JPG,y,284
data/number_recognition/annotations/bibs/ground_truth/bajada-marjal-17/IMG_5315-02.JPG,y,668
data/number_recognition/annotations/bibs/ground_truth/bajada-marjal-17/IMG_5340-01.JPG,n,
data/number_recognition/annotations/bibs/ground_truth/bajada-marjal-17/IMG_5313-05.JPG,y,669
data/number_recognition/annotations/bibs/ground_truth/bajada-marjal-17/IMG_5422-03.JPG,y,281
data/number_recognition/annotations/bibs/ground_truth/bajada-marjal-17/IMG_5307-02.JPG,y,440
data/number_recognition/annotations/bibs/ground_truth/bajada-marjal-17/IMG_5355-02.JPG,n,
data/number_recognition/annotations/bibs/ground_truth/bajada-marjal-17/IMG_5341-02.JPG,n,
data/number_recognition/annotations/bibs/ground_truth/bajada-marjal-17/IMG_5278-00.JPG,y,7
data/number_recognition/annotations/bibs/ground_truth/bajada-marjal-17/IMG_5348-03.JPG,y,480
data/number_recognition/annotations/bibs/ground_truth/bajada-marjal-17/IMG_5351-04.JPG,y,716
data/number_recognition/annotations/bibs/ground_truth/bajada-marjal-17/IMG_5392-03.JPG,y,283
data/number_recognition/annotations/bibs/ground_truth/bajada-marjal-17/IMG_5410-01.JPG,y,193
data/number_recognition/annotations/bibs/ground_truth/bajada-marjal-17/IMG_5337-02.JPG,y,408
data/number_recognition/annotations/bibs/ground_truth/bajada-marjal-17/IMG_5327-02.JPG,y,187
data/number_recognition/annotations/bibs/ground_truth/bajada-marjal-17/IMG_5339-00.JPG,y,1012
data/number_recognition/annotations/bibs/ground_truth/bajada-marjal-17/IMG_5342-01.JPG,y,362
data/number_recognition/annotations/bibs/ground_truth/bajada-marjal-17/IMG_5315-01.JPG,y,518
data/number_recognition/annotations/bibs/ground_truth/bajada-marjal-17/IMG_5352-00.JPG,y,972
data/number_recognition/annotations/bibs/ground_truth/bajada-marjal-17/IMG_5354-04.JPG,n,
data/number_recognition/annotations/bibs/ground_truth/bajada-marjal-17/IMG_5347-02.JPG,y,1115
data/number_recognition/annotations/bibs/ground_truth/bajada-marjal-17/IMG_5325-04.JPG,y,814
data/number_recognition/annotations/bibs/ground_truth/bajada-marjal-17/IMG_5364-02.JPG,n,
data/number_recognition/annotations/bibs/ground_truth/bajada-marjal-17/IMG_5376-00.JPG,y,166
data/number_recognition/annotations/bibs/ground_truth/bajada-marjal-17/IMG_5355-05.JPG,n,
data/number_recognition/annotations/bibs/ground_truth/bajada-marjal-17/IMG_5424-00.JPG,y,271
data/number_recognition/annotations/bibs/ground_truth/bajada-marjal-17/IMG_5367-01.JPG,y,121
data/number_recognition/annotations/bibs/ground_truth/bajada-marjal-17/IMG_5364-01.JPG,y,244
data/number_recognition/annotations/bibs/ground_truth/bajada-marjal-17/IMG_5276-00.JPG,y,7
data/number_recognition/annotations/bibs/ground_truth/bajada-marjal-17/IMG_5337-03.JPG,n,
data/number_recognition/annotations/bibs/ground_truth/bajada-marjal-17/IMG_5321-01.JPG,y,987
data/number_recognition/annotations/bibs/ground_truth/bajada-marjal-17/IMG_5272-00.JPG,y,34
data/number_recognition/annotations/bibs/ground_truth/bajada-marjal-17/IMG_5422-05.JPG,y,158
data/number_recognition/annotations/bibs/ground_truth/bajada-marjal-17/IMG_5299-00.JPG,y,696
data/number_recognition/annotations/bibs/ground_truth/bajada-marjal-17/IMG_5325-01.JPG,y,411
data/number_recognition/annotations/bibs/ground_truth/bajada-marjal-17/IMG_5340-03.JPG,y,524
data/number_recognition/annotations/bibs/ground_truth/bajada-marjal-17/IMG_5320-01.JPG,y,467
data/number_recognition/annotations/bibs/ground_truth/bajada-marjal-17/IMG_5348-02.JPG,y,482
data/number_recognition/annotations/bibs/ground_truth/bajada-marjal-17/IMG_5403-02.JPG,y,202
data/number_recognition/annotations/bibs/ground_truth/bajada-marjal-17/IMG_5336-00.JPG,y,471
data/number_recognition/annotations/bibs/ground_truth/bajada-marjal-17/IMG_5294-02.JPG,y,314
data/number_recognition/annotations/bibs/ground_truth/bajada-marjal-17/IMG_5373-00.JPG,y,151
data/number_recognition/annotations/bibs/ground_truth/bajada-marjal-17/IMG_5338-03.JPG,y,1013
data/number_recognition/annotations/bibs/ground_truth/bajada-marjal-17/IMG_5333-01.JPG,y,51
data/number_recognition/annotations/bibs/ground_truth/bajada-marjal-17/IMG_5350-01.JPG,y,1004
data/number_recognition/annotations/bibs/ground_truth/bajada-marjal-17/IMG_5313-00.JPG,n,
data/number_recognition/annotations/bibs/ground_truth/bajada-marjal-17/IMG_5427-04.JPG,y,14
data/number_recognition/annotations/bibs/ground_truth/bajada-marjal-17/IMG_5344-01.JPG,y,627
data/number_recognition/annotations/bibs/ground_truth/bajada-marjal-17/IMG_5399-01.JPG,y,248
data/number_recognition/annotations/bibs/ground_truth/bajada-marjal-17/IMG_5298-01.JPG,y,1198
data/number_recognition/annotations/bibs/ground_truth/bajada-marjal-17/IMG_5277-00.JPG,y,7
data/number_recognition/annotations/bibs/ground_truth/bajada-marjal-17/IMG_5338-04.JPG,y,409
data/number_recognition/annotations/bibs/ground_truth/bajada-marjal-17/IMG_5400-02.JPG,y,167
data/number_recognition/annotations/bibs/ground_truth/bajada-marjal-17/IMG_5293-02.JPG,y,315
data/number_recognition/annotations/bibs/ground_truth/bajada-marjal-17/IMG_5324-02.JPG,n,
data/number_recognition/annotations/bibs/ground_truth/bajada-marjal-17/IMG_5394-00.JPG,y,212
data/number_recognition/annotations/bibs/ground_truth/bajada-marjal-17/IMG_5314-01.JPG,y,535
data/number_recognition/annotations/bibs/ground_truth/bajada-marjal-17/IMG_5351-03.JPG,y,323
data/number_recognition/annotations/bibs/ground_truth/bajada-marjal-17/IMG_5395-01.JPG,y,165
data/number_recognition/annotations/bibs/ground_truth/bajada-marjal-17/IMG_5415-02.JPG,y,135
data/number_recognition/annotations/bibs/ground_truth/bajada-marjal-17/IMG_5304-00.JPG,y,962
data/number_recognition/annotations/bibs/ground_truth/bajada-marjal-17/IMG_5354-00.JPG,y,502
data/number_recognition/annotations/bibs/ground_truth/bajada-marjal-17/IMG_5392-00.JPG,y,33
data/number_recognition/annotations/bibs/ground_truth/bajada-marjal-17/IMG_5426-01.JPG,y,144
data/number_recognition/annotations/bibs/ground_truth/bajada-marjal-17/IMG_5290-04.JPG,n,
data/number_recognition/annotations/bibs/ground_truth/bajada-marjal-17/IMG_5326-01.JPG,y,437
data/number_recognition/annotations/bibs/ground_truth/bajada-marjal-17/IMG_5341-03.JPG,n,
data/number_recognition/annotations/bibs/ground_truth/bajada-marjal-17/IMG_5350-02.JPG,y,974
data/number_recognition/annotations/bibs/ground_truth/bajada-marjal-17/IMG_5307-03.JPG,n,
data/number_recognition/annotations/bibs/ground_truth/bajada-marjal-17/IMG_5347-03.JPG,y,423
data/number_recognition/annotations/bibs/ground_truth/bajada-marjal-17/IMG_5340-00.JPG,y,858
data/number_recognition/annotations/bibs/ground_truth/bajada-marjal-17/IMG_5292-01.JPG,n,
data/number_recognition/annotations/bibs/ground_truth/bajada-marjal-17/IMG_5294-00.JPG,y,316
data/number_recognition/annotations/bibs/ground_truth/bajada-marjal-17/IMG_5423-03.JPG,y,102
data/number_recognition/annotations/bibs/ground_truth/bajada-marjal-17/IMG_5344-00.JPG,y,362
data/number_recognition/annotations/bibs/ground_truth/bajada-marjal-17/IMG_5394-01.JPG,y,206
data/number_recognition/annotations/bibs/ground_truth/bajada-marjal-17/IMG_5287-03.JPG,y,1222
data/number_recognition/annotations/bibs/ground_truth/bajada-marjal-17/IMG_5374-01.JPG,y,96
data/number_recognition/annotations/bibs/ground_truth/bajada-marjal-17/IMG_5330-02.JPG,y,52
data/number_recognition/annotations/bibs/ground_truth/bajada-marjal-17/IMG_5384-00.JPG,y,282
data/number_recognition/annotations/bibs/ground_truth/bajada-marjal-17/IMG_5415-01.JPG,n,
data/number_recognition/annotations/bibs/ground_truth/bajada-marjal-17/IMG_5286-00.JPG,y,519
data/number_recognition/annotations/bibs/ground_truth/bajada-marjal-17/IMG_5349-02.JPG,y,1135
data/number_recognition/annotations/bibs/ground_truth/bajada-marjal-17/IMG_5330-00.JPG,y,301
data/number_recognition/annotations/bibs/ground_truth/bajada-marjal-17/IMG_5389-01.JPG,y,238
data/number_recognition/annotations/bibs/ground_truth/bajada-marjal-17/IMG_5339-01.JPG,n,
data/number_recognition/annotations/bibs/ground_truth/bajada-marjal-17/IMG_5298-02.JPG,y,1077
data/number_recognition/annotations/bibs/ground_truth/bajada-marjal-17/IMG_5325-03.JPG,n,
data/number_recognition/annotations/bibs/ground_truth/bajada-marjal-17/IMG_5315-03.JPG,y,669
data/number_recognition/annotations/bibs/ground_truth/bajada-marjal-17/IMG_5350-07.JPG,y,323
data/number_recognition/annotations/bibs/ground_truth/bajada-marjal-17/IMG_5326-00.JPG,y,1044
data/number_recognition/annotations/bibs/ground_truth/bajada-marjal-17/IMG_5331-05.JPG,n,
data/number_recognition/annotations/bibs/ground_truth/bajada-marjal-17/IMG_5368-01.JPG,n,
data/number_recognition/annotations/bibs/ground_truth/bajada-marjal-17/IMG_5296-01.JPG,n,
data/number_recognition/annotations/bibs/ground_truth/bajada-marjal-17/IMG_5384-03.JPG,y,160
data/number_recognition/annotations/bibs/ground_truth/bajada-marjal-17/IMG_5374-00.JPG,y,150
data/number_recognition/annotations/bibs/ground_truth/bajada-marjal-17/IMG_5303-02.JPG,y,920
data/number_recognition/annotations/bibs/ground_truth/bajada-marjal-17/IMG_5354-05.JPG,y,705
data/number_recognition/annotations/bibs/ground_truth/bajada-marjal-17/IMG_5337-01.JPG,y,380
data/number_recognition/annotations/bibs/ground_truth/bajada-marjal-17/IMG_5294-01.JPG,y,315
data/number_recognition/annotations/bibs/ground_truth/bajada-marjal-17/IMG_5422-04.JPG,y,153
data/number_recognition/annotations/bibs/ground_truth/bajada-marjal-17/IMG_5349-03.JPG,y,1290
data/number_recognition/annotations/bibs/ground_truth/bajada-marjal-17/IMG_5299-02.JPG,y,1198
data/number_recognition/annotations/bibs/ground_truth/bajada-marjal-17/IMG_5315-00.JPG,y,535
data/number_recognition/annotations/bibs/ground_truth/bajada-marjal-17/IMG_5398-01.JPG,y,146
data/number_recognition/annotations/bibs/ground_truth/bajada-marjal-17/IMG_5284-00.JPG,y,646
data/number_recognition/annotations/bibs/ground_truth/bajada-marjal-17/IMG_5354-03.JPG,y,605
data/number_recognition/annotations/bibs/ground_truth/bajada-marjal-17/IMG_5335-01.JPG,y,544
data/number_recognition/annotations/bibs/ground_truth/bajada-marjal-17/IMG_5331-03.JPG,y,52
data/number_recognition/annotations/bibs/ground_truth/bajada-marjal-17/IMG_5313-02.JPG,n,
data/number_recognition/annotations/bibs/ground_truth/bajada-marjal-17/IMG_5355-03.JPG,y,559
data/number_recognition/annotations/bibs/ground_truth/bajada-marjal-17/IMG_5350-06.JPG,n,
data/number_recognition/annotations/bibs/ground_truth/bajada-marjal-17/IMG_5338-05.JPG,n,
data/number_recognition/annotations/bibs/ground_truth/bajada-marjal-17/IMG_5367-00.JPG,y,276
data/number_recognition/annotations/bibs/ground_truth/bajada-marjal-17/IMG_5422-02.JPG,y,148
data/number_recognition/annotations/bibs/ground_truth/bajada-marjal-17/IMG_5325-00.JPG,y,302
data/number_recognition/annotations/bibs/ground_truth/bajada-marjal-17/IMG_5319-00.JPG,y,547
data/number_recognition/annotations/bibs/ground_truth/bajada-marjal-17/IMG_5376-01.JPG,y,191
data/number_recognition/annotations/bibs/ground_truth/bajada-marjal-17/IMG_5385-01.JPG,y,118
data/number_recognition/annotations/bibs/ground_truth/bajada-marjal-17/IMG_5395-00.JPG,y,206
data/number_recognition/annotations/bibs/ground_truth/bajada-marjal-17/IMG_5322-02.JPG,y,987
data/number_recognition/annotations/bibs/ground_truth/bajada-marjal-17/IMG_5293-00.JPG,y,316
data/number_recognition/annotations/bibs/ground_truth/bajada-marjal-17/IMG_5345-00.JPG,n,
data/number_recognition/annotations/bibs/ground_truth/bajada-marjal-17/IMG_5405-00.JPG,n,
data/number_recognition/annotations/bibs/ground_truth/bajada-marjal-17/IMG_5314-00.JPG,y,518
data/number_recognition/annotations/bibs/ground_truth/bajada-marjal-17/IMG_5351-01.JPG,y,1004
data/number_recognition/annotations/bibs/ground_truth/bajada-marjal-17/IMG_5313-03.JPG,y,535
data/number_recognition/annotations/bibs/ground_truth/bajada-marjal-17/IMG_5304-01.JPG,y,961
data/number_recognition/annotations/bibs/ground_truth/bajada-marjal-17/IMG_5372-00.JPG,y,279
data/number_recognition/annotations/bibs/ground_truth/bajada-marjal-17/IMG_5383-00.JPG,n,
data/number_recognition/annotations/bibs/ground_truth/bajada-marjal-17/IMG_5398-00.JPG,y,141
data/number_recognition/annotations/bibs/ground_truth/bajada-marjal-17/IMG_5349-01.JPG,y,1189
data/number_recognition/annotations/bibs/ground_truth/bajada-marjal-17/IMG_5353-00.JPG,y,875
data/number_recognition/annotations/bibs/ground_truth/bajada-marjal-17/IMG_5298-00.JPG,y,737
data/number_recognition/annotations/bibs/ground_truth/bajada-marjal-17/IMG_5334-00.JPG,y,73
data/number_recognition/annotations/bibs/ground_truth/bajada-marjal-17/IMG_5275-01.JPG,y,35
data/number_recognition/annotations/bibs/ground_truth/bajada-marjal-17/IMG_5363-02.JPG,y,103
data/number_recognition/annotations/bibs/ground_truth/bajada-marjal-17/IMG_5392-01.JPG,y,134
data/number_recognition/annotations/bibs/ground_truth/bajada-marjal-17/IMG_5341-01.JPG,y,623
data/number_recognition/annotations/bibs/ground_truth/bajada-marjal-17/IMG_5382-01.JPG,n,
data/number_recognition/annotations/bibs/ground_truth/bajada-marjal-17/IMG_5292-00.JPG,y,315
data/number_recognition/annotations/bibs/ground_truth/bajada-marjal-17/IMG_5292-02.JPG,y,637
data/number_recognition/annotations/bibs/ground_truth/bajada-marjal-17/IMG_5303-03.JPG,y,460
data/number_recognition/annotations/bibs/ground_truth/bajada-marjal-17/IMG_5408-01.JPG,y,190
data/number_recognition/annotations/bibs/ground_truth/bajada-marjal-17/IMG_5333-00.JPG,y,52
data/number_recognition/annotations/bibs/ground_truth/bajada-marjal-17/IMG_5288-00.JPG,y,674
data/number_recognition/annotations/bibs/ground_truth/bajada-marjal-17/IMG_5350-03.JPG,y,716
data/number_recognition/annotations/bibs/ground_truth/bajada-marjal-17/IMG_5376-02.JPG,y,168
data/number_recognition/annotations/bibs/ground_truth/bajada-marjal-17/IMG_5308-04.JPG,y,1125
data/number_recognition/annotations/bibs/ground_truth/bajada-marjal-17/IMG_5322-00.JPG,y,466
data/number_recognition/annotations/bibs/ground_truth/bajada-marjal-17/IMG_5316-01.JPG,y,535
data/number_recognition/annotations/bibs/ground_truth/bajada-marjal-17/IMG_5335-04.JPG,y,948
data/number_recognition/annotations/bibs/ground_truth/bajada-marjal-17/IMG_5295-04.JPG,n,
data/number_recognition/annotations/bibs/ground_truth/bajada-marjal-17/IMG_5425-01.JPG,y,144
data/number_recognition/annotations/bibs/ground_truth/bajada-marjal-17/IMG_5335-00.JPG,n,
data/number_recognition/annotations/bibs/ground_truth/bajada-marjal-17/IMG_5339-03.JPG,n,
data/number_recognition/annotations/bibs/ground_truth/bajada-marjal-17/IMG_5346-00.JPG,y,448
data/number_recognition/annotations/bibs/ground_truth/bajada-marjal-17/IMG_5341-00.JPG,y,362
data/number_recognition/annotations/bibs/ground_truth/bajada-marjal-17/IMG_5278-02.JPG,y,25
data/number_recognition/annotations/bibs/ground_truth/bajada-marjal-17/IMG_5356-03.JPG,y,1284
data/number_recognition/annotations/bibs/ground_truth/bajada-marjal-17/IMG_5366-00.JPG,y,162
data/number_recognition/annotations/bibs/ground_truth/bajada-marjal-17/IMG_5337-00.JPG,y,381
data/number_recognition/annotations/bibs/ground_truth/bajada-marjal-17/IMG_5404-00.JPG,y,195
data/number_recognition/annotations/bibs/ground_truth/bajada-marjal-17/IMG_5384-01.JPG,y,94
data/number_recognition/annotations/bibs/ground_truth/bajada-marjal-17/IMG_5403-01.JPG,y,242
data/number_recognition/annotations/bibs/ground_truth/bajada-marjal-17/IMG_5346-05.JPG,y,1109
data/number_recognition/annotations/bibs/ground_truth/bajada-marjal-17/IMG_5290-03.JPG,n,
data/number_recognition/annotations/bibs/ground_truth/bajada-marjal-17/IMG_5298-03.JPG,n,
data/number_recognition/annotations/bibs/ground_truth/bajada-marjal-17/IMG_5364-00.JPG,y,218
data/number_recognition/annotations/bibs/ground_truth/bajada-marjal-17/IMG_5287-02.JPG,n,
data/number_recognition/annotations/bibs/ground_truth/bajada-marjal-17/IMG_5389-00.JPG,y,91
data/number_recognition/annotations/bibs/ground_truth/bajada-marjal-17/IMG_5338-00.JPG,y,380
data/number_recognition/annotations/bibs/ground_truth/bajada-marjal-17/IMG_5394-02.JPG,y,165
data/number_recognition/annotations/bibs/ground_truth/bajada-marjal-17/IMG_5371-00.JPG,y,151
data/number_recognition/annotations/bibs/ground_truth/bajada-marjal-17/IMG_5321-00.JPG,y,466
data/number_recognition/annotations/bibs/ground_truth/bajada-marjal-17/IMG_5384-02.JPG,y,118
data/number_recognition/annotations/bibs/ground_truth/bajada-marjal-17/IMG_5349-00.JPG,y,759
data/number_recognition/annotations/bibs/ground_truth/bajada-marjal-17/IMG_5352-03.JPG,n,
data/number_recognition/annotations/bibs/ground_truth/bajada-marjal-17/IMG_5293-01.JPG,y,314
data/number_recognition/annotations/bibs/ground_truth/bajada-marjal-17/IMG_5314-03.JPG,y,669
data/number_recognition/annotations/bibs/ground_truth/bajada-marjal-17/IMG_5335-02.JPG,y,471
data/number_recognition/annotations/bibs/ground_truth/bajada-marjal-17/IMG_5353-02.JPG,y,876
data/number_recognition/annotations/bibs/ground_truth/bajada-marjal-17/IMG_5303-01.JPG,y,919
data/number_recognition/annotations/bibs/ground_truth/bajada-marjal-17/IMG_5304-02.JPG,y,440
data/number_recognition/annotations/bibs/ground_truth/bajada-marjal-17/IMG_5404-01.JPG,n,
data/number_recognition/annotations/bibs/ground_truth/bajada-marjal-17/IMG_5351-00.JPG,y,972
data/number_recognition/annotations/bibs/ground_truth/bajada-marjal-17/IMG_5361-00.JPG,y,87
data/number_recognition/annotations/bibs/ground_truth/bajada-marjal-17/IMG_5301-00.JPG,y,1196
data/number_recognition/annotations/bibs/ground_truth/bajada-marjal-17/IMG_5406-01.JPG,y,192
data/number_recognition/annotations/bibs/ground_truth/bajada-marjal-17/IMG_5391-02.JPG,y,179
data/number_recognition/annotations/bibs/ground_truth/bajada-marjal-17/IMG_5416-02.JPG,y,275
data/number_recognition/annotations/bibs/ground_truth/bajada-marjal-17/IMG_5287-01.JPG,y,750
data/number_recognition/annotations/bibs/ground_truth/bajada-marjal-17/IMG_5277-02.JPG,y,25
data/number_recognition/annotations/bibs/ground_truth/bajada-marjal-17/IMG_5370-01.JPG,y,151
data/number_recognition/annotations/bibs/ground_truth/bajada-marjal-17/IMG_5308-01.JPG,y,1097
data/number_recognition/annotations/bibs/ground_truth/bajada-marjal-17/IMG_5332-03.JPG,n,
data/number_recognition/annotations/bibs/ground_truth/bajada-marjal-17/IMG_5356-05.JPG,y,1283
data/number_recognition/annotations/bibs/ground_truth/bajada-marjal-17/IMG_5412-00.JPG,y,243
data/number_recognition/annotations/bibs/ground_truth/bajada-marjal-17/IMG_5354-06.JPG,y,529
data/number_recognition/annotations/bibs/ground_truth/bajada-marjal-17/IMG_5320-02.JPG,n,
data/number_recognition/annotations/bibs/ground_truth/bajada-marjal-17/IMG_5423-00.JPG,y,272
data/number_recognition/annotations/bibs/ground_truth/bajada-marjal-17/IMG_5377-01.JPG,y,168
data/number_recognition/annotations/bibs/ground_truth/bajada-marjal-17/IMG_5419-00.JPG,y,275
data/number_recognition/annotations/bibs/ground_truth/bajada-marjal-17/IMG_5292-03.JPG,n,
data/number_recognition/annotations/bibs/ground_truth/bajada-marjal-17/IMG_5329-00.JPG,y,301
data/number_recognition/annotations/bibs/ground_truth/bajada-marjal-17/IMG_5356-01.JPG,y,705
data/number_recognition/annotations/bibs/ground_truth/bajada-marjal-17/IMG_5414-00.JPG,y,243
data/number_recognition/annotations/bibs/ground_truth/bajada-marjal-17/IMG_5363-01.JPG,y,244
data/number_recognition/annotations/bibs/ground_truth/bajada-marjal-17/IMG_5375-00.JPG,y,96
data/number_recognition/annotations/bibs/ground_truth/bajada-marjal-17/IMG_5411-01.JPG,y,243
data/number_recognition/annotations/bibs/ground_truth/bajada-marjal-17/IMG_5427-02.JPG,y,152
data/number_recognition/annotations/bibs/ground_truth/bajada-marjal-17/IMG_5385-00.JPG,y,94
data/number_recognition/annotations/bibs/ground_truth/bajada-marjal-17/IMG_5408-00.JPG,y,192
data/number_recognition/annotations/bibs/ground_truth/bajada-marjal-17/IMG_5399-00.JPG,y,146
data/number_recognition/annotations/bibs/ground_truth/bajada-marjal-17/IMG_5318-00.JPG,y,547
data/number_recognition/annotations/bibs/ground_truth/bajada-marjal-17/IMG_5356-02.JPG,y,559
data/number_recognition/annotations/bibs/ground_truth/bajada-marjal-17/IMG_5365-00.JPG,y,278
data/number_recognition/annotations/bibs/ground_truth/bajada-marjal-17/IMG_5339-02.JPG,y,408
data/number_recognition/annotations/bibs/ground_truth/bajada-marjal-17/IMG_5353-01.JPG,y,862
data/number_recognition/annotations/bibs/ground_truth/bajada-marjal-17/IMG_5423-01.JPG,y,270
data/number_recognition/annotations/bibs/ground_truth/bajada-marjal-17/IMG_5344-02.JPG,n,
data/number_recognition/annotations/bibs/ground_truth/bajada-marjal-17/IMG_5309-00.JPG,y,410
data/number_recognition/annotations/bibs/ground_truth/bajada-marjal-17/IMG_5391-03.JPG,y,283
data/number_recognition/annotations/bibs/ground_truth/bajada-marjal-17/IMG_5327-00.JPG,y,814
data/number_recognition/annotations/bibs/ground_truth/bajada-marjal-17/IMG_5352-05.JPG,y,716
data/number_recognition/annotations/bibs/ground_truth/bajada-marjal-17/IMG_5391-00.JPG,y,136
data/number_recognition/annotations/bibs/ground_truth/bajada-marjal-17/IMG_5354-07.JPG,y,1021
data/number_recognition/annotations/bibs/ground_truth/bajada-marjal-17/IMG_5308-00.JPG,n,
data/number_recognition/annotations/bibs/ground_truth/bajada-marjal-17/IMG_5284-01.JPG,y,684
data/number_recognition/annotations/bibs/ground_truth/bajada-marjal-17/IMG_5292-04.JPG,n,
data/number_recognition/annotations/bibs/ground_truth/bajada-marjal-17/IMG_5356-04.JPG,y,1134
data/number_recognition/annotations/bibs/ground_truth/bajada-marjal-17/IMG_5378-00.JPG,y,237
data/number_recognition/annotations/bibs/ground_truth/bajada-marjal-17/IMG_5308-03.JPG,y,410
data/number_recognition/annotations/bibs/ground_truth/bajada-marjal-17/IMG_5332-00.JPG,y,304
data/number_recognition/annotations/bibs/ground_truth/bajada-marjal-17/IMG_5428-02.JPG,y,159
data/number_recognition/annotations/bibs/ground_truth/bajada-marjal-17/IMG_5380-00.JPG,y,632
data/number_recognition/annotations/bibs/ground_truth/bajada-marjal-17/IMG_5343-01.JPG,y,626
data/number_recognition/annotations/bibs/ground_truth/bajada-marjal-17/IMG_5335-03.JPG,y,944
data/number_recognition/annotations/bibs/ground_truth/bajada-marjal-17/IMG_5300-00.JPG,y,1196
data/number_recognition/annotations/bibs/ground_truth/bajada-marjal-17/IMG_5269-00.JPG,y,67
data/number_recognition/annotations/bibs/ground_truth/bajada-marjal-17/IMG_5421-00.JPG,n,
data/number_recognition/annotations/bibs/ground_truth/bajada-marjal-17/IMG_5422-00.JPG,y,291
data/number_recognition/annotations/bibs/ground_truth/bajada-marjal-17/IMG_5370-02.JPG,n,
data/number_recognition/annotations/bibs/ground_truth/bajada-marjal-17/IMG_5347-05.JPG,y,532
data/number_recognition/annotations/bibs/ground_truth/bajada-marjal-17/IMG_5346-04.JPG,n,
data/number_recognition/annotations/bibs/ground_truth/bajada-marjal-17/IMG_5411-00.JPG,y,199
data/number_recognition/annotations/bibs/ground_truth/bajada-marjal-17/IMG_5418-01.JPG,y,269
data/number_recognition/annotations/bibs/ground_truth/bajada-marjal-17/IMG_5338-02.JPG,y,408
data/number_recognition/annotations/bibs/ground_truth/bajada-marjal-17/IMG_5317-01.JPG,y,582
data/number_recognition/annotations/bibs/ground_truth/bajada-marjal-17/IMG_5336-01.JPG,y,944
data/number_recognition/annotations/bibs/ground_truth/bajada-marjal-17/IMG_5295-00.JPG,y,428
data/number_recognition/annotations/bibs/ground_truth/bajada-marjal-17/IMG_5425-00.JPG,y,148
data/number_recognition/annotations/bibs/ground_truth/bajada-marjal-17/IMG_5387-00.JPG,y,92
data/number_recognition/annotations/bibs/ground_truth/bajada-marjal-17/IMG_5290-02.JPG,n,
data/number_recognition/annotations/bibs/ground_truth/bajada-marjal-17/IMG_5422-06.JPG,y,270
data/number_recognition/annotations/bibs/ground_truth/bajada-marjal-17/IMG_5351-05.JPG,n,
data/number_recognition/annotations/bibs/ground_truth/bajada-marjal-17/IMG_5366-01.JPG,y,276
data/number_recognition/annotations/bibs/ground_truth/bajada-marjal-17/IMG_5347-00.JPG,y,310
data/number_recognition/annotations/bibs/ground_truth/bajada-marjal-17/IMG_5343-02.JPG,n,
data/number_recognition/annotations/bibs/ground_truth/bajada-marjal-17/IMG_5346-03.JPG,y,608
data/number_recognition/annotations/bibs/ground_truth/bajada-marjal-17/IMG_5391-01.JPG,y,208
data/number_recognition/annotations/bibs/ground_truth/bajada-marjal-17/IMG_5318-01.JPG,y,462
data/number_recognition/annotations/bibs/ground_truth/bajada-marjal-17/IMG_5352-06.JPG,n,
data/number_recognition/annotations/bibs/ground_truth/bajada-marjal-17/IMG_5406-00.JPG,y,202
data/number_recognition/annotations/bibs/ground_truth/bajada-marjal-17/IMG_5363-00.JPG,y,218
data/number_recognition/annotations/bibs/ground_truth/bajada-marjal-17/IMG_5346-01.JPG,y,645
data/number_recognition/annotations/bibs/ground_truth/bajada-marjal-17/IMG_5375-02.JPG,n,
data/number_recognition/annotations/bibs/ground_truth/bajada-marjal-17/IMG_5413-00.JPG,y,243
data/number_recognition/annotations/bibs/ground_truth/bajada-marjal-17/IMG_5332-02.JPG,n,
data/number_recognition/annotations/bibs/ground_truth/bajada-marjal-17/IMG_5401-00.JPG,y,167
data/number_recognition/annotations/bibs/ground_truth/bajada-marjal-17/IMG_5422-01.JPG,y,272
data/number_recognition/annotations/bibs/ground_truth/bajada-marjal-17/IMG_5428-00.JPG,y,180
data/number_recognition/annotations/bibs/ground_truth/bajada-marjal-17/IMG_5384-04.JPG,y,259
data/number_recognition/annotations/bibs/ground_truth/bajada-marjal-17/IMG_5416-00.JPG,y,232
data/number_recognition/annotations/bibs/ground_truth/bajada-marjal-17/IMG_5377-00.JPG,y,191
data/number_recognition/annotations/bibs/ground_truth/bajada-marjal-17/IMG_5307-00.JPG,y,920
data/number_recognition/annotations/bibs/ground_truth/bajada-marjal-17/IMG_5359-01.JPG,y,1046
data/number_recognition/annotations/bibs/ground_truth/bajada-marjal-17/IMG_5327-01.JPG,y,1304
data/number_recognition/annotations/bibs/ground_truth/bajada-marjal-17/IMG_5287-00.JPG,y,321
data/number_recognition/annotations/bibs/ground_truth/bajada-marjal-17/IMG_5425-03.JPG,y,180
data/number_recognition/annotations/bibs/ground_truth/bajada-marjal-17/IMG_5343-04.JPG,n,
data/number_recognition/annotations/bibs/ground_truth/bajada-marjal-17/IMG_5361-01.JPG,y,218
data/number_recognition/annotations/bibs/ground_truth/bajada-marjal-17/IMG_5314-02.JPG,y,668
data/number_recognition/annotations/bibs/ground_truth/bajada-marjal-17/IMG_5323-00.JPG,y,612
data/number_recognition/annotations/bibs/ground_truth/bajada-marjal-17/IMG_5352-02.JPG,y,974
data/number_recognition/annotations/bibs/ground_truth/bajada-marjal-17/IMG_5396-00.JPG,y,165
data/number_recognition/annotations/bibs/ground_truth/bajada-marjal-17/IMG_5409-00.JPG,y,243
data/number_recognition/annotations/bibs/ground_truth/bajada-marjal-17/IMG_5342-02.JPG,n,
data/number_recognition/annotations/bibs/ground_truth/bajada-marjal-17/IMG_5384-05.JPG,y,285
data/number_recognition/annotations/bibs/ground_truth/bajada-marjal-17/IMG_5416-01.JPG,y,269
data/number_recognition/annotations/bibs/ground_truth/bajada-marjal-17/IMG_5427-03.JPG,y,236
data/number_recognition/annotations/bibs/ground_truth/bajada-marjal-17/IMG_5343-03.JPG,y,1252
data/number_recognition/annotations/bibs/ground_truth/bajada-marjal-17/IMG_5331-01.JPG,y,304
data/number_recognition/annotations/bibs/ground_truth/bajada-marjal-17/IMG_5356-00.JPG,y,1066
data/number_recognition/annotations/bibs/ground_truth/bajada-marjal-17/IMG_5295-01.JPG,y,426
data/number_recognition/annotations/bibs/ground_truth/bajada-marjal-17/IMG_5352-04.JPG,y,323
data/number_recognition/annotations/bibs/ground_truth/bajada-marjal-17/IMG_5428-01.JPG,y,152
data/number_recognition/annotations/bibs/ground_truth/bajada-marjal-17/IMG_5343-00.JPG,y,625
data/number_recognition/annotations/bibs/ground_truth/bajada-marjal-17/IMG_5303-00.JPG,y,889
data/number_recognition/annotations/bibs/ground_truth/bajada-marjal-17/IMG_5378-01.JPG,y,258
data/number_recognition/annotations/bibs/ground_truth/bajada-marjal-17/IMG_5347-01.JPG,y,1177
data/number_recognition/annotations/bibs/ground_truth/bajada-marjal-17/IMG_5306-00.JPG,n,
data/number_recognition/annotations/bibs/ground_truth/bajada-marjal-17/IMG_5375-01.JPG,y,191
data/number_recognition/annotations/bibs/ground_truth/bajada-marjal-17/IMG_5346-02.JPG,y,1301
data/number_recognition/annotations/bibs/ground_truth/bajada-marjal-17/IMG_5296-00.JPG,y,428
data/number_recognition/annotations/bibs/ground_truth/bajada-marjal-17/IMG_5309-01.JPG,n,
data/number_recognition/annotations/bibs/ground_truth/bajada-marjal-17/IMG_5367-02.JPG,n,
data/number_recognition/annotations/bibs/ground_truth/bajada-marjal-17/IMG_5417-00.JPG,y,269
data/number_recognition/annotations/bibs/ground_truth/bajada-marjal-17/IMG_5332-01.JPG,n,
data/number_recognition/annotations/bibs/ground_truth/bajada-marjal-17/IMG_5269-02.JPG,y,30
data/number_recognition/annotations/bibs/ground_truth/bajada-marjal-17/IMG_5289-01.JPG,y,320
data/number_recognition/annotations/bibs/ground_truth/bajada-marjal-17/IMG_5331-00.JPG,y,303
data/number_recognition/annotations/bibs/ground_truth/bajada-marjal-17/IMG_5350-05.JPG,y,757
data/number_recognition/annotations/bibs/ground_truth/bajada-marjal-17/IMG_5347-04.JPG,y,425
data/number_recognition/annotations/bibs/ground_truth/bajada-marjal-17/IMG_5322-01.JPG,y,612
data/number_recognition/annotations/bibs/ground_truth/bajada-marjal-17/IMG_5407-01.JPG,y,190
data/number_recognition/annotations/bibs/ground_truth/bajada-marjal-17/IMG_5291-00.JPG,y,320
data/number_recognition/annotations/bibs/ground_truth/bajada-marjal-17/IMG_5386-00.JPG,y,160
data/number_recognition/annotations/bibs/ground_truth/bajada-marjal-17/IMG_5290-01.JPG,y,320
data/number_recognition/annotations/bibs/ground_truth/bajada-marjal-17/IMG_5357-01.JPG,y,1018
data/number_recognition/annotations/bibs/ground_truth/bajada-marjal-17/IMG_5321-02.JPG,y,576
data/number_recognition/annotations/bibs/ground_truth/bajada-marjal-17/IMG_5270-01.JPG,y,16
data/number_recognition/annotations/bibs/ground_truth/bajada-marjal-17/IMG_5348-00.JPG,y,1272
data/number_recognition/annotations/bibs/ground_truth/bajada-marjal-17/IMG_5427-01.JPG,y,273
data/number_recognition/annotations/bibs/ground_truth/bajada-marjal-17/IMG_5295-02.JPG,y,309
data/number_recognition/annotations/bibs/ground_truth/bajada-marjal-17/IMG_5313-04.JPG,y,668
data/number_recognition/annotations/bibs/ground_truth/bajada-marjal-17/IMG_5388-00.JPG,y,280
data/number_recognition/annotations/bibs/ground_truth/bajada-marjal-17/IMG_5297-00.JPG,y,426
data/number_recognition/annotations/bibs/ground_truth/bajada-marjal-17/IMG_5295-03.JPG,n,
data/number_recognition/annotations/bibs/ground_truth/bajada-marjal-17/IMG_5269-01.JPG,n,
data/number_recognition/annotations/bibs/ground_truth/bajada-marjal-17/IMG_5399-02.JPG,y,234
data/number_recognition/annotations/bibs/ground_truth/bajada-marjal-17/IMG_5275-00.JPG,y,4
data/number_recognition/annotations/bibs/ground_truth/bajada-marjal-17/IMG_5403-00.JPG,n,
data/number_recognition/annotations/bibs/ground_truth/bajada-marjal-17/IMG_5418-00.JPG,y,232
data/number_recognition/annotations/bibs/ground_truth/bajada-marjal-17/IMG_5355-01.JPG,y,1150
data/number_recognition/annotations/bibs/ground_truth/bajada-marjal-17/IMG_5354-01.JPG,y,715
data/number_recognition/annotations/bibs/ground_truth/bajada-marjal-17/IMG_5352-07.JPG,y,1023
data/number_recognition/annotations/bibs/ground_truth/bajada-marjal-17/IMG_5400-00.JPG,y,248
data/number_recognition/annotations/bibs/ground_truth/bajada-marjal-17/IMG_5300-01.JPG,y,1198
data/number_recognition/annotations/bibs/ground_truth/bajada-marjal-17/IMG_5317-00.JPG,y,547
data/number_recognition/annotations/bibs/ground_truth/bajada-marjal-17/IMG_5270-00.JPG,n,
data/number_recognition/annotations/bibs/ground_truth/bajada-marjal-17/IMG_5417-01.JPG,y,232
data/number_recognition/annotations/bibs/ground_truth/bajada-marjal-17/IMG_5316-02.JPG,y,582
data/number_recognition/annotations/bibs/ground_truth/bajada-marjal-17/IMG_5291-01.JPG,n,
data/number_recognition/annotations/bibs/ground_truth/bajada-marjal-17/IMG_5331-02.JPG,y,51
data/number_recognition/annotations/bibs/ground_truth/bajada-marjal-17/IMG_5342-00.JPG,y,625
data/number_recognition/annotations/bibs/ground_truth/bajada-marjal-17/IMG_5276-02.JPG,y,25
data/number_recognition/annotations/bibs/ground_truth/bajada-marjal-17/IMG_5337-04.JPG,n,
data/number_recognition/annotations/bibs/ground_truth/bajada-marjal-17/IMG_5420-00.JPG,y,252
data/number_recognition/annotations/bibs/ground_truth/bajada-marjal-17/IMG_5347-08.JPG,n,
data/number_recognition/annotations/bibs/ground_truth/bajada-marjal-17/IMG_5324-00.JPG,y,584
data/number_recognition/annotations/bibs/ground_truth/bajada-marjal-17/IMG_5340-04.JPG,n,
data/number_recognition/annotations/bibs/ground_truth/bajada-marjal-17/IMG_5350-04.JPG,y,370
data/number_recognition/annotations/bibs/ground_truth/bajada-marjal-17/IMG_5361-02.JPG,y,105
data/number_recognition/annotations/bibs/ground_truth/bajada-marjal-17/IMG_5328-00.JPG,y,609
data/number_recognition/annotations/bibs/ground_truth/bajada-marjal-17/IMG_5427-00.JPG,y,255
data/number_recognition/annotations/bibs/ground_truth/bajada-marjal-17/IMG_5357-00.JPG,y,1251
data/number_recognition/annotations/bibs/ground_truth/bajada-marjal-17/IMG_5347-06.JPG,n,
data/number_recognition/annotations/bibs/ground_truth/bajada-marjal-17/IMG_5338-01.JPG,y,381
data/number_recognition/annotations/bibs/ground_truth/bajada-marjal-17/IMG_5289-00.JPG,n,
data/number_recognition/annotations/bibs/ground_truth/bajada-marjal-17/IMG_5276-01.JPG,n,
data/number_recognition/annotations/bibs/ground_truth/bajada-marjal-17/IMG_5331-06.JPG,n,
data/number_recognition/annotations/bibs/ground_truth/bajada-marjal-17/IMG_5425-02.JPG,y,277
data/number_recognition/annotations/bibs/ground_truth/bajada-marjal-17/IMG_5320-00.JPG,y,466
data/number_recognition/annotations/bibs/ground_truth/bajada-marjal-17/IMG_5307-01.JPG,y,919
data/number_recognition/annotations/bibs/ground_truth/bajada-marjal-17/IMG_5407-00.JPG,y,192
data/number_recognition/annotations/bibs/ground_truth/bajada-marjal-17/IMG_5374-02.JPG,y,168
data/number_recognition/annotations/bibs/ground_truth/bajada-marjal-17/IMG_5393-01.JPG,y,212
data/number_recognition/annotations/bibs/ground_truth/bajada-marjal-17/IMG_5355-04.JPG,y,1100
data/number_recognition/annotations/bibs/ground_truth/bajada-marjal-17/IMG_5350-00.JPG,y,1003
data/number_recognition/annotations/bibs/ground_truth/bajada-marjal-17/IMG_5310-00.JPG,n,
data/number_recognition/annotations/bibs/ground_truth/bajada-marjal-17/IMG_5402-00.JPG,y,242
data/number_recognition/annotations/bibs/ground_truth/bajada-marjal-17/IMG_5359-00.JPG,y,305
data/number_recognition/annotations/bibs/ground_truth/bajada-marjal-17/IMG_5385-04.JPG,y,285
data/number_recognition/annotations/bibs/ground_truth/bajada-marjal-17/IMG_5410-00.JPG,y,190
data/number_recognition/annotations/bibs/ground_truth/bajada-marjal-17/IMG_5370-00.JPG,y,279
data/number_recognition/annotations/bibs/ground_truth/bajada-marjal-17/IMG_5288-01.JPG,y,1222
data/number_recognition/annotations/bibs/ground_truth/bajada-marjal-17/IMG_5347-07.JPG,y,1108
data/number_recognition/annotations/bibs/ground_truth/bajada-marjal-17/IMG_5369-00.JPG,n,
data/number_recognition/annotations/bibs/ground_truth/bajada-marjal-17/IMG_5299-01.JPG,n,
data/number_recognition/annotations/bibs/ground_truth/bajada-marjal-17/IMG_5393-00.JPG,y,283
data/number_recognition/annotations/bibs/ground_truth/bajada-marjal-17/IMG_5348-04.JPG,y,841
data/number_recognition/annotations/bibs/ground_truth/bajada-marjal-17/IMG_5424-03.JPG,y,277
data/number_recognition/annotations/bibs/ground_truth/bajada-marjal-17/IMG_5355-00.JPG,y,715
data/number_recognition/annotations/bibs/ground_truth/bajada-marjal-17/IMG_5308-02.JPG,n,
data/number_recognition/annotations/bibs/ground_truth/bajada-marjal-17/IMG_5379-00.JPG,y,258
data/number_recognition/annotations/bibs/ground_truth/bajada-marjal-17/IMG_5382-00.JPG,y,186
data/number_recognition/annotations/bibs/ground_truth/bajada-marjal-17/IMG_5290-00.JPG,y,610
data/number_recognition/annotations/bibs/ground_truth/bajada-marjal-17/IMG_5336-02.JPG,y,948
data/number_recognition/annotations/bibs/ground_truth/bajada-marjal-17/IMG_5340-02.JPG,y,1012
data/number_recognition/annotations/bibs/ground_truth/bajada-marjal-17/IMG_5324-03.JPG,y,302
data/number_recognition/annotations/bibs/ground_truth/bajada-marjal-17/IMG_5385-03.JPG,y,259
data/number_recognition/annotations/bibs/ground_truth/bajada-marjal-17/IMG_5366-02.JPG,y,215
data/number_recognition/annotations/bibs/ground_truth/bajada-marjal-17/IMG_5358-00.JPG,y,1018
data/number_recognition/annotations/bibs/ground_truth/bajada-marjal-17/IMG_5380-01.JPG,y,203
data/number_recognition/annotations/bibs/ground_truth/bajada-marjal-17/IMG_5415-03.JPG,n,
data/number_recognition/annotations/bibs/ground_truth/bajada-marjal-17/IMG_5511-04.JPG,y,147
data/number_recognition/annotations/bibs/ground_truth/mm-alicante-17/DSC_4374-00.jpg,n,
data/number_recognition/annotations/bibs/ground_truth/mm-alicante-17/DSC_4427-03.jpg,y,757
data/number_recognition/annotations/bibs/ground_truth/bajada-marjal-17/IMG_5458-02.JPG,y,204
data/number_recognition/annotations/bibs/ground_truth/mm-alicante-17/DSC_4413-04.jpg,y,1174
data/number_recognition/annotations/bibs/ground_truth/mm-alicante-17/DSC_4382-01.jpg,y,1617
data/number_recognition/annotations/bibs/ground_truth/mm-alicante-17/DSC_4407-01.jpg,y,260
data/number_recognition/annotations/bibs/ground_truth/bajada-marjal-17/IMG_5491-01.JPG,y,231
data/number_recognition/annotations/bibs/ground_truth/mm-alicante-17/DSC_4387-03.jpg,y,189
data/number_recognition/annotations/bibs/ground_truth/mm-alicante-17/DSC_4375-01.jpg,y,1764
data/number_recognition/annotations/bibs/ground_truth/bajada-marjal-17/IMG_5441-01.JPG,y,129
data/number_recognition/annotations/bibs/ground_truth/bajada-marjal-17/IMG_5499-01.JPG,n,
data/number_recognition/annotations/bibs/ground_truth/bajada-marjal-17/IMG_5497-00.JPG,y,114
data/number_recognition/annotations/bibs/ground_truth/bajada-marjal-17/IMG_5514-00.JPG,y,105
data/number_recognition/annotations/bibs/ground_truth/mm-alicante-17/DSC_4393-03.jpg,y,1637
data/number_recognition/annotations/bibs/ground_truth/mm-alicante-17/DSC_4414-00.jpg,y,1174
data/number_recognition/annotations/bibs/ground_truth/bajada-marjal-17/IMG_5441-00.JPG,y,128
data/number_recognition/annotations/bibs/ground_truth/bajada-marjal-17/IMG_5492-02.JPG,y,213
data/number_recognition/annotations/bibs/ground_truth/bajada-marjal-17/IMG_5492-00.JPG,y,288
data/number_recognition/annotations/bibs/ground_truth/bajada-marjal-17/IMG_5472-02.JPG,y,226
data/number_recognition/annotations/bibs/ground_truth/bajada-marjal-17/IMG_5458-01.JPG,y,127
data/number_recognition/annotations/bibs/ground_truth/mm-alicante-17/DSC_4376-04.jpg,y,1225
data/number_recognition/annotations/bibs/ground_truth/bajada-marjal-17/IMG_5432-00.JPG,y,224
data/number_recognition/annotations/bibs/ground_truth/bajada-marjal-17/IMG_5447-03.JPG,y,154
data/number_recognition/annotations/bibs/ground_truth/mm-alicante-17/DSC_4370-01.jpg,y,124
data/number_recognition/annotations/bibs/ground_truth/mm-alicante-17/DSC_4375-03.jpg,y,618
data/number_recognition/annotations/bibs/ground_truth/bajada-marjal-17/IMG_5450-03.JPG,y,164
data/number_recognition/annotations/bibs/ground_truth/bajada-marjal-17/IMG_5472-00.JPG,y,266
data/number_recognition/annotations/bibs/ground_truth/bajada-marjal-17/IMG_5486-00.JPG,y,256
data/number_recognition/annotations/bibs/ground_truth/mm-alicante-17/DSC_4374-01.jpg,y,1764
data/number_recognition/annotations/bibs/ground_truth/bajada-marjal-17/IMG_5494-05.JPG,y,161
data/number_recognition/annotations/bibs/ground_truth/bajada-marjal-17/IMG_5443-00.JPG,y,290
data/number_recognition/annotations/bibs/ground_truth/bajada-marjal-17/IMG_5499-00.JPG,y,829
data/number_recognition/annotations/bibs/ground_truth/bajada-marjal-17/IMG_5435-01.JPG,y,140
data/number_recognition/annotations/bibs/ground_truth/mm-alicante-17/DSC_4380-01.jpg,y,999
data/number_recognition/annotations/bibs/ground_truth/mm-alicante-17/DSC_4429-02.jpg,y,217
data/number_recognition/annotations/bibs/ground_truth/mm-alicante-17/DSC_4420-01.jpg,n,
data/number_recognition/annotations/bibs/ground_truth/bajada-marjal-17/IMG_5516-00.JPG,y,117
data/number_recognition/annotations/bibs/ground_truth/mm-alicante-17/DSC_4408-02.jpg,y,173
data/number_recognition/annotations/bibs/ground_truth/mm-alicante-17/DSC_4428-01.jpg,y,458
data/number_recognition/annotations/bibs/ground_truth/mm-alicante-17/DSC_4436-01.jpg,y,1877
data/number_recognition/annotations/bibs/ground_truth/bajada-marjal-17/IMG_5513-00.JPG,y,223
data/number_recognition/annotations/bibs/ground_truth/mm-alicante-17/DSC_4386-00.jpg,y,723
data/number_recognition/annotations/bibs/ground_truth/mm-alicante-17/DSC_4405-06.jpg,y,2090
data/number_recognition/annotations/bibs/ground_truth/bajada-marjal-17/IMG_5437-02.JPG,y,145
data/number_recognition/annotations/bibs/ground_truth/bajada-marjal-17/IMG_5433-01.JPG,y,246
data/number_recognition/annotations/bibs/ground_truth/bajada-marjal-17/IMG_5468-00.JPG,y,1312
data/number_recognition/annotations/bibs/ground_truth/mm-alicante-17/DSC_4402-00.jpg,y,468
data/number_recognition/annotations/bibs/ground_truth/mm-alicante-17/DSC_4423-03.jpg,y,971
data/number_recognition/annotations/bibs/ground_truth/mm-alicante-17/DSC_4393-04.jpg,y,1415
data/number_recognition/annotations/bibs/ground_truth/mm-alicante-17/DSC_4424-00.jpg,y,1488
data/number_recognition/annotations/bibs/ground_truth/mm-alicante-17/DSC_4419-03.jpg,y,1387
data/number_recognition/annotations/bibs/ground_truth/bajada-marjal-17/IMG_5494-01.JPG,y,213
data/number_recognition/annotations/bibs/ground_truth/bajada-marjal-17/IMG_5483-00.JPG,y,177
data/number_recognition/annotations/bibs/ground_truth/mm-alicante-17/DSC_4425-02.jpg,y,482
data/number_recognition/annotations/bibs/ground_truth/bajada-marjal-17/IMG_5431-00.JPG,y,155
data/number_recognition/annotations/bibs/ground_truth/bajada-marjal-17/IMG_5471-00.JPG,y,245
data/number_recognition/annotations/bibs/ground_truth/mm-alicante-17/DSC_4430-00.jpg,y,458
data/number_recognition/annotations/bibs/ground_truth/bajada-marjal-17/IMG_5445-00.JPG,y,200
data/number_recognition/annotations/bibs/ground_truth/mm-alicante-17/DSC_4376-01.jpg,y,1778
data/number_recognition/annotations/bibs/ground_truth/mm-alicante-17/DSC_4368-03.jpg,y,903
data/number_recognition/annotations/bibs/ground_truth/mm-alicante-17/DSC_4426-01.jpg,y,748
data/number_recognition/annotations/bibs/ground_truth/mm-alicante-17/DSC_4372-05.jpg,y,751
data/number_recognition/annotations/bibs/ground_truth/mm-alicante-17/DSC_4442-01.jpg,y,2516
data/number_recognition/annotations/bibs/ground_truth/bajada-marjal-17/IMG_5513-01.JPG,n,
data/number_recognition/annotations/bibs/ground_truth/bajada-marjal-17/IMG_5503-01.JPG,y,101
data/number_recognition/annotations/bibs/ground_truth/mm-alicante-17/DSC_4407-00.jpg,y,1341
data/number_recognition/annotations/bibs/ground_truth/bajada-marjal-17/IMG_5491-00.JPG,y,219
data/number_recognition/annotations/bibs/ground_truth/mm-alicante-17/DSC_4443-03.jpg,y,697
data/number_recognition/annotations/bibs/ground_truth/bajada-marjal-17/IMG_5443-01.JPG,y,211
data/number_recognition/annotations/bibs/ground_truth/bajada-marjal-17/IMG_5470-01.JPG,y,111
data/number_recognition/annotations/bibs/ground_truth/bajada-marjal-17/IMG_5511-00.JPG,y,223
data/number_recognition/annotations/bibs/ground_truth/bajada-marjal-17/IMG_5494-07.JPG,y,240
data/number_recognition/annotations/bibs/ground_truth/bajada-marjal-17/IMG_5501-00.JPG,y,286
data/number_recognition/annotations/bibs/ground_truth/mm-alicante-17/DSC_4403-05.jpg,y,466
data/number_recognition/annotations/bibs/ground_truth/mm-alicante-17/DSC_4410-02.jpg,y,258
data/number_recognition/annotations/bibs/ground_truth/bajada-marjal-17/IMG_5489-00.JPG,y,122
data/number_recognition/annotations/bibs/ground_truth/mm-alicante-17/DSC_4405-00.jpg,y,423
data/number_recognition/annotations/bibs/ground_truth/mm-alicante-17/DSC_4404-01.jpg,y,1342
data/number_recognition/annotations/bibs/ground_truth/mm-alicante-17/DSC_4401-00.jpg,y,1624
data/number_recognition/annotations/bibs/ground_truth/mm-alicante-17/DSC_4396-01.jpg,y,154
data/number_recognition/annotations/bibs/ground_truth/mm-alicante-17/DSC_4434-03.jpg,n,
data/number_recognition/annotations/bibs/ground_truth/mm-alicante-17/DSC_4371-01.jpg,y,939
data/number_recognition/annotations/bibs/ground_truth/mm-alicante-17/DSC_4385-00.jpg,y,1261
data/number_recognition/annotations/bibs/ground_truth/mm-alicante-17/DSC_4398-01.jpg,n,
data/number_recognition/annotations/bibs/ground_truth/bajada-marjal-17/IMG_5493-01.JPG,y,289
data/number_recognition/annotations/bibs/ground_truth/mm-alicante-17/DSC_4393-02.jpg,n,
data/number_recognition/annotations/bibs/ground_truth/bajada-marjal-17/IMG_5512-00.JPG,y,223
data/number_recognition/annotations/bibs/ground_truth/mm-alicante-17/DSC_4380-03.jpg,y,1618
data/number_recognition/annotations/bibs/ground_truth/mm-alicante-17/DSC_4413-05.jpg,y,107
data/number_recognition/annotations/bibs/ground_truth/bajada-marjal-17/IMG_5484-00.JPG,y,177
data/number_recognition/annotations/bibs/ground_truth/mm-alicante-17/DSC_4414-01.jpg,y,107
data/number_recognition/annotations/bibs/ground_truth/mm-alicante-17/DSC_4379-01.jpg,y,300
data/number_recognition/annotations/bibs/ground_truth/mm-alicante-17/DSC_4413-02.jpg,n,
data/number_recognition/annotations/bibs/ground_truth/bajada-marjal-17/IMG_5492-01.JPG,y,289
data/number_recognition/annotations/bibs/ground_truth/mm-alicante-17/DSC_4436-00.jpg,y,1816
data/number_recognition/annotations/bibs/ground_truth/bajada-marjal-17/IMG_5457-03.JPG,y,204
data/number_recognition/annotations/bibs/ground_truth/mm-alicante-17/DSC_4372-04.jpg,y,558
data/number_recognition/annotations/bibs/ground_truth/mm-alicante-17/DSC_4380-00.jpg,y,300
data/number_recognition/annotations/bibs/ground_truth/mm-alicante-17/DSC_4432-00.jpg,y,1806
data/number_recognition/annotations/bibs/ground_truth/bajada-marjal-17/IMG_5464-00.JPG,y,198
data/number_recognition/annotations/bibs/ground_truth/mm-alicante-17/DSC_4403-04.jpg,y,1342
data/number_recognition/annotations/bibs/ground_truth/bajada-marjal-17/IMG_5495-04.JPG,y,217
data/number_recognition/annotations/bibs/ground_truth/mm-alicante-17/DSC_4406-03.jpg,n,
data/number_recognition/annotations/bibs/ground_truth/bajada-marjal-17/IMG_5485-02.JPG,y,119
data/number_recognition/annotations/bibs/ground_truth/bajada-marjal-17/IMG_5508-01.JPG,y,230
data/number_recognition/annotations/bibs/ground_truth/bajada-marjal-17/IMG_5511-03.JPG,y,106
data/number_recognition/annotations/bibs/ground_truth/mm-alicante-17/DSC_4375-00.jpg,y,2111
data/number_recognition/annotations/bibs/ground_truth/mm-alicante-17/DSC_4434-00.jpg,y,1511
data/number_recognition/annotations/bibs/ground_truth/bajada-marjal-17/IMG_5486-01.JPG,y,108
data/number_recognition/annotations/bibs/ground_truth/bajada-marjal-17/IMG_5471-01.JPG,y,266
data/number_recognition/annotations/bibs/ground_truth/mm-alicante-17/DSC_4382-00.jpg,y,1618
data/number_recognition/annotations/bibs/ground_truth/bajada-marjal-17/IMG_5511-02.JPG,y,221
data/number_recognition/annotations/bibs/ground_truth/bajada-marjal-17/IMG_5446-00.JPG,n,
data/number_recognition/annotations/bibs/ground_truth/mm-alicante-17/DSC_4383-01.jpg,y,125
data/number_recognition/annotations/bibs/ground_truth/mm-alicante-17/DSC_4444-00.jpg,y,2516
data/number_recognition/annotations/bibs/ground_truth/bajada-marjal-17/IMG_5511-01.JPG,y,220
data/number_recognition/annotations/bibs/ground_truth/mm-alicante-17/DSC_4376-05.jpg,n,
data/number_recognition/annotations/bibs/ground_truth/mm-alicante-17/DSC_4372-02.jpg,y,939
data/number_recognition/annotations/bibs/ground_truth/bajada-marjal-17/IMG_5495-02.JPG,y,269
data/number_recognition/annotations/bibs/ground_truth/bajada-marjal-17/IMG_5494-04.JPG,y,217
data/number_recognition/annotations/bibs/ground_truth/mm-alicante-17/DSC_4433-01.jpg,y,421
data/number_recognition/annotations/bibs/ground_truth/bajada-marjal-17/IMG_5470-02.JPG,n,
data/number_recognition/annotations/bibs/ground_truth/mm-alicante-17/DSC_4413-03.jpg,n,
data/number_recognition/annotations/bibs/ground_truth/mm-alicante-17/DSC_4401-01.jpg,y,2195
data/number_recognition/annotations/bibs/ground_truth/bajada-marjal-17/IMG_5469-02.JPG,y,111
data/number_recognition/annotations/bibs/ground_truth/mm-alicante-17/DSC_4380-04.jpg,y,1617
data/number_recognition/annotations/bibs/ground_truth/bajada-marjal-17/IMG_5512-01.JPG,y,220
data/number_recognition/annotations/bibs/ground_truth/mm-alicante-17/DSC_4417-02.jpg,n,
data/number_recognition/annotations/bibs/ground_truth/mm-alicante-17/DSC_4443-01.jpg,y,2049
data/number_recognition/annotations/bibs/ground_truth/mm-alicante-17/DSC_4408-03.jpg,y,1381
data/number_recognition/annotations/bibs/ground_truth/mm-alicante-17/DSC_4410-03.jpg,n,
data/number_recognition/annotations/bibs/ground_truth/bajada-marjal-17/IMG_5512-02.JPG,y,221
data/number_recognition/annotations/bibs/ground_truth/bajada-marjal-17/IMG_5506-00.JPG,y,250
data/number_recognition/annotations/bibs/ground_truth/bajada-marjal-17/IMG_5497-02.JPG,y,88
data/number_recognition/annotations/bibs/ground_truth/bajada-marjal-17/IMG_5504-01.JPG,y,250
data/number_recognition/annotations/bibs/ground_truth/mm-alicante-17/DSC_4403-02.jpg,y,423
data/number_recognition/annotations/bibs/ground_truth/bajada-marjal-17/IMG_5465-01.JPG,y,104
data/number_recognition/annotations/bibs/ground_truth/bajada-marjal-17/IMG_5475-00.JPG,y,107
data/number_recognition/annotations/bibs/ground_truth/bajada-marjal-17/IMG_5487-01.JPG,n,
data/number_recognition/annotations/bibs/ground_truth/mm-alicante-17/DSC_4402-01.jpg,y,423
data/number_recognition/annotations/bibs/ground_truth/bajada-marjal-17/IMG_5508-00.JPG,y,228
data/number_recognition/annotations/bibs/ground_truth/mm-alicante-17/DSC_4393-00.jpg,n,
data/number_recognition/annotations/bibs/ground_truth/mm-alicante-17/DSC_4400-01.jpg,y,1624
data/number_recognition/annotations/bibs/ground_truth/mm-alicante-17/DSC_4394-02.jpg,y,958
data/number_recognition/annotations/bibs/ground_truth/mm-alicante-17/DSC_4367-00.jpg,y,2145
data/number_recognition/annotations/bibs/ground_truth/mm-alicante-17/DSC_4410-00.jpg,y,2077
data/number_recognition/annotations/bibs/ground_truth/bajada-marjal-17/IMG_5471-02.JPG,y,267
data/number_recognition/annotations/bibs/ground_truth/bajada-marjal-17/IMG_5430-03.JPG,y,265
data/number_recognition/annotations/bibs/ground_truth/mm-alicante-17/DSC_4419-02.jpg,y,261
data/number_recognition/annotations/bibs/ground_truth/bajada-marjal-17/IMG_5484-01.JPG,y,176
data/number_recognition/annotations/bibs/ground_truth/mm-alicante-17/DSC_4386-01.jpg,y,1907
data/number_recognition/annotations/bibs/ground_truth/bajada-marjal-17/IMG_5435-00.JPG,y,246
data/number_recognition/annotations/bibs/ground_truth/bajada-marjal-17/IMG_5437-03.JPG,y,175
data/number_recognition/annotations/bibs/ground_truth/mm-alicante-17/DSC_4419-05.jpg,n,
data/number_recognition/annotations/bibs/ground_truth/bajada-marjal-17/IMG_5457-00.JPG,n,
data/number_recognition/annotations/bibs/ground_truth/bajada-marjal-17/IMG_5434-01.JPG,y,140
data/number_recognition/annotations/bibs/ground_truth/bajada-marjal-17/IMG_5500-00.JPG,y,286
data/number_recognition/annotations/bibs/ground_truth/mm-alicante-17/DSC_4368-04.jpg,n,
data/number_recognition/annotations/bibs/ground_truth/bajada-marjal-17/IMG_5474-00.JPG,y,107
data/number_recognition/annotations/bibs/ground_truth/mm-alicante-17/DSC_4412-00.jpg,y,1582
data/number_recognition/annotations/bibs/ground_truth/mm-alicante-17/DSC_4424-01.jpg,y,971
data/number_recognition/annotations/bibs/ground_truth/bajada-marjal-17/IMG_5431-01.JPG,y,264
data/number_recognition/annotations/bibs/ground_truth/bajada-marjal-17/IMG_5457-02.JPG,y,12
data/number_recognition/annotations/bibs/ground_truth/bajada-marjal-17/IMG_5515-00.JPG,y,116
data/number_recognition/annotations/bibs/ground_truth/mm-alicante-17/DSC_4425-03.jpg,y,748
data/number_recognition/annotations/bibs/ground_truth/mm-alicante-17/DSC_4441-04.jpg,n,
data/number_recognition/annotations/bibs/ground_truth/bajada-marjal-17/IMG_5493-02.JPG,y,214
data/number_recognition/annotations/bibs/ground_truth/mm-alicante-17/DSC_4373-02.jpg,y,618
data/number_recognition/annotations/bibs/ground_truth/bajada-marjal-17/IMG_5429-02.JPG,n,
data/number_recognition/annotations/bibs/ground_truth/mm-alicante-17/DSC_4385-01.jpg,n,
data/number_recognition/annotations/bibs/ground_truth/bajada-marjal-17/IMG_5465-00.JPG,y,84
data/number_recognition/annotations/bibs/ground_truth/bajada-marjal-17/IMG_5430-02.JPG,n,
data/number_recognition/annotations/bibs/ground_truth/mm-alicante-17/DSC_4429-01.jpg,y,1881
data/number_recognition/annotations/bibs/ground_truth/mm-alicante-17/DSC_4387-01.jpg,y,1998
data/number_recognition/annotations/bibs/ground_truth/bajada-marjal-17/IMG_5481-01.JPG,n,
data/number_recognition/annotations/bibs/ground_truth/mm-alicante-17/DSC_4443-00.jpg,y,2516
data/number_recognition/annotations/bibs/ground_truth/mm-alicante-17/DSC_4422-03.jpg,n,
data/number_recognition/annotations/bibs/ground_truth/mm-alicante-17/DSC_4434-02.jpg,y,1333
data/number_recognition/annotations/bibs/ground_truth/mm-alicante-17/DSC_4373-00.jpg,y,751
data/number_recognition/annotations/bibs/ground_truth/mm-alicante-17/DSC_4405-03.jpg,y,466
data/number_recognition/annotations/bibs/ground_truth/mm-alicante-17/DSC_4372-03.jpg,n,
data/number_recognition/annotations/bibs/ground_truth/mm-alicante-17/DSC_4389-00.jpg,y,900
data/number_recognition/annotations/bibs/ground_truth/mm-alicante-17/DSC_4406-02.jpg,y,1341
data/number_recognition/annotations/bibs/ground_truth/mm-alicante-17/DSC_4433-00.jpg,y,1658
data/number_recognition/annotations/bibs/ground_truth/bajada-marjal-17/IMG_5462-00.JPG,y,197
data/number_recognition/annotations/bibs/ground_truth/mm-alicante-17/DSC_4441-00.jpg,y,1874
data/number_recognition/annotations/bibs/ground_truth/mm-alicante-17/DSC_4439-01.jpg,y,1877
data/number_recognition/annotations/bibs/ground_truth/bajada-marjal-17/IMG_5478-01.JPG,y,171
data/number_recognition/annotations/bibs/ground_truth/mm-alicante-17/DSC_4398-00.jpg,n,
data/number_recognition/annotations/bibs/ground_truth/mm-alicante-17/DSC_4376-02.jpg,y,368
data/number_recognition/annotations/bibs/ground_truth/mm-alicante-17/DSC_4418-00.jpg,y,1661
data/number_recognition/annotations/bibs/ground_truth/mm-alicante-17/DSC_4430-02.jpg,y,2168
data/number_recognition/annotations/bibs/ground_truth/mm-alicante-17/DSC_4432-01.jpg,y,802
data/number_recognition/annotations/bibs/ground_truth/mm-alicante-17/DSC_4445-00.jpg,n,
data/number_recognition/annotations/bibs/ground_truth/mm-alicante-17/DSC_4442-02.jpg,n,
data/number_recognition/annotations/bibs/ground_truth/mm-alicante-17/DSC_4396-00.jpg,y,650
data/number_recognition/annotations/bibs/ground_truth/mm-alicante-17/DSC_4405-05.jpg,y,581
data/number_recognition/annotations/bibs/ground_truth/mm-alicante-17/DSC_4397-02.jpg,y,133
data/number_recognition/annotations/bibs/ground_truth/mm-alicante-17/DSC_4428-02.jpg,y,757
data/number_recognition/annotations/bibs/ground_truth/mm-alicante-17/DSC_4435-01.jpg,y,1816
data/number_recognition/annotations/bibs/ground_truth/mm-alicante-17/DSC_4396-04.jpg,y,1539
data/number_recognition/annotations/bibs/ground_truth/bajada-marjal-17/IMG_5458-00.JPG,y,125
data/number_recognition/annotations/bibs/ground_truth/mm-alicante-17/DSC_4404-00.jpg,y,423
data/number_recognition/annotations/bibs/ground_truth/bajada-marjal-17/IMG_5503-00.JPG,y,250
data/number_recognition/annotations/bibs/ground_truth/mm-alicante-17/DSC_4422-00.jpg,y,1018
data/number_recognition/annotations/bibs/ground_truth/bajada-marjal-17/IMG_5510-00.JPG,y,230
data/number_recognition/annotations/bibs/ground_truth/bajada-marjal-17/IMG_5467-00.JPG,y,1312
data/number_recognition/annotations/bibs/ground_truth/bajada-marjal-17/IMG_5487-00.JPG,y,256
data/number_recognition/annotations/bibs/ground_truth/bajada-marjal-17/IMG_5509-00.JPG,y,228
data/number_recognition/annotations/bibs/ground_truth/bajada-marjal-17/IMG_5438-02.JPG,y,142
data/number_recognition/annotations/bibs/ground_truth/mm-alicante-17/DSC_4415-01.jpg,y,753
data/number_recognition/annotations/bibs/ground_truth/mm-alicante-17/DSC_4420-03.jpg,y,1470
data/number_recognition/annotations/bibs/ground_truth/mm-alicante-17/DSC_4378-01.jpg,y,618
data/number_recognition/annotations/bibs/ground_truth/mm-alicante-17/DSC_4425-01.jpg,n,
data/number_recognition/annotations/bibs/ground_truth/bajada-marjal-17/IMG_5494-02.JPG,y,169
data/number_recognition/annotations/bibs/ground_truth/mm-alicante-17/DSC_4393-01.jpg,y,1142
data/number_recognition/annotations/bibs/ground_truth/mm-alicante-17/DSC_4422-01.jpg,n,
data/number_recognition/annotations/bibs/ground_truth/bajada-marjal-17/IMG_5504-00.JPG,n,
data/number_recognition/annotations/bibs/ground_truth/bajada-marjal-17/IMG_5430-04.JPG,y,155
data/number_recognition/annotations/bibs/ground_truth/mm-alicante-17/DSC_4439-00.jpg,y,1816
data/number_recognition/annotations/bibs/ground_truth/mm-alicante-17/DSC_4377-00.jpg,y,1778
data/number_recognition/annotations/bibs/ground_truth/bajada-marjal-17/IMG_5515-02.JPG,y,106
data/number_recognition/annotations/bibs/ground_truth/mm-alicante-17/DSC_4391-02.jpg,y,1637
data/number_recognition/annotations/bibs/ground_truth/bajada-marjal-17/IMG_5480-01.JPG,n,
data/number_recognition/annotations/bibs/ground_truth/mm-alicante-17/DSC_4369-02.jpg,y,124
data/number_recognition/annotations/bibs/ground_truth/bajada-marjal-17/IMG_5428-03.JPG,y,14
data/number_recognition/annotations/bibs/ground_truth/bajada-marjal-17/IMG_5515-01.JPG,y,117
data/number_recognition/annotations/bibs/ground_truth/bajada-marjal-17/IMG_5430-01.JPG,y,236
data/number_recognition/annotations/bibs/ground_truth/mm-alicante-17/DSC_4371-03.jpg,y,558
data/number_recognition/annotations/bibs/ground_truth/mm-alicante-17/DSC_4383-00.jpg,y,1617
data/number_recognition/annotations/bibs/ground_truth/bajada-marjal-17/IMG_5494-03.JPG,n,
data/number_recognition/annotations/bibs/ground_truth/mm-alicante-17/DSC_4400-00.jpg,n,
data/number_recognition/annotations/bibs/ground_truth/mm-alicante-17/DSC_4441-01.jpg,y,2516
data/number_recognition/annotations/bibs/ground_truth/bajada-marjal-17/IMG_5493-03.JPG,y,213
data/number_recognition/annotations/bibs/ground_truth/mm-alicante-17/DSC_4372-01.jpg,n,
data/number_recognition/annotations/bibs/ground_truth/bajada-marjal-17/IMG_5496-03.JPG,n,
data/number_recognition/annotations/bibs/ground_truth/mm-alicante-17/DSC_4394-03.jpg,y,1142
data/number_recognition/annotations/bibs/ground_truth/bajada-marjal-17/IMG_5453-00.JPG,y,179
data/number_recognition/annotations/bibs/ground_truth/mm-alicante-17/DSC_4406-00.jpg,n,
data/number_recognition/annotations/bibs/ground_truth/mm-alicante-17/DSC_4390-02.jpg,y,1043
data/number_recognition/annotations/bibs/ground_truth/bajada-marjal-17/IMG_5500-01.JPG,y,205
data/number_recognition/annotations/bibs/ground_truth/bajada-marjal-17/IMG_5460-01.JPG,y,204
data/number_recognition/annotations/bibs/ground_truth/mm-alicante-17/DSC_4438-00.jpg,y,1816
data/number_recognition/annotations/bibs/ground_truth/mm-alicante-17/DSC_4403-03.jpg,y,1328
data/number_recognition/annotations/bibs/ground_truth/mm-alicante-17/DSC_4445-01.jpg,n,
data/number_recognition/annotations/bibs/ground_truth/mm-alicante-17/DSC_4428-03.jpg,y,1881
data/number_recognition/annotations/bibs/ground_truth/bajada-marjal-17/IMG_5457-01.JPG,y,125
data/number_recognition/annotations/bibs/ground_truth/mm-alicante-17/DSC_4419-04.jpg,y,2178
data/number_recognition/annotations/bibs/ground_truth/bajada-marjal-17/IMG_5447-00.JPG,y,184
data/number_recognition/annotations/bibs/ground_truth/mm-alicante-17/DSC_4427-04.jpg,y,1881
data/number_recognition/annotations/bibs/ground_truth/mm-alicante-17/DSC_4445-03.jpg,y,2076
data/number_recognition/annotations/bibs/ground_truth/mm-alicante-17/DSC_4404-05.jpg,n,
data/number_recognition/annotations/bibs/ground_truth/mm-alicante-17/DSC_4446-00.jpg,y,2076
data/number_recognition/annotations/bibs/ground_truth/mm-alicante-17/DSC_4406-05.jpg,y,2090
data/number_recognition/annotations/bibs/ground_truth/mm-alicante-17/DSC_4373-01.jpg,n,
data/number_recognition/annotations/bibs/ground_truth/mm-alicante-17/DSC_4403-01.jpg,n,
data/number_recognition/annotations/bibs/ground_truth/mm-alicante-17/DSC_4393-06.jpg,n,
data/number_recognition/annotations/bibs/ground_truth/mm-alicante-17/DSC_4425-00.jpg,y,264
data/number_recognition/annotations/bibs/ground_truth/bajada-marjal-17/IMG_5460-00.JPG,y,239
data/number_recognition/annotations/bibs/ground_truth/mm-alicante-17/DSC_4387-00.jpg,y,1078
data/number_recognition/annotations/bibs/ground_truth/mm-alicante-17/DSC_4397-00.jpg,y,284
data/number_recognition/annotations/bibs/ground_truth/mm-alicante-17/DSC_4401-02.jpg,y,458
data/number_recognition/annotations/bibs/ground_truth/mm-alicante-17/DSC_4376-03.jpg,y,618
data/number_recognition/annotations/bibs/ground_truth/mm-alicante-17/DSC_4377-01.jpg,y,618
data/number_recognition/annotations/bibs/ground_truth/mm-alicante-17/DSC_4381-02.jpg,n,
data/number_recognition/annotations/bibs/ground_truth/mm-alicante-17/DSC_4381-00.jpg,y,455
data/number_recognition/annotations/bibs/ground_truth/bajada-marjal-17/IMG_5496-02.JPG,y,169
data/number_recognition/annotations/bibs/ground_truth/bajada-marjal-17/IMG_5437-00.JPG,y,287
data/number_recognition/annotations/bibs/ground_truth/mm-alicante-17/DSC_4399-00.jpg,n,
data/number_recognition/annotations/bibs/ground_truth/bajada-marjal-17/IMG_5488-00.JPG,y,122
data/number_recognition/annotations/bibs/ground_truth/mm-alicante-17/DSC_4427-00.jpg,n,
data/number_recognition/annotations/bibs/ground_truth/mm-alicante-17/DSC_4435-00.jpg,y,1333
data/number_recognition/annotations/bibs/ground_truth/bajada-marjal-17/IMG_5495-01.JPG,y,213
data/number_recognition/annotations/bibs/ground_truth/mm-alicante-17/DSC_4429-00.jpg,y,2168
data/number_recognition/annotations/bibs/ground_truth/mm-alicante-17/DSC_4395-00.jpg,y,1415
data/number_recognition/annotations/bibs/ground_truth/bajada-marjal-17/IMG_5434-00.JPG,y,246
data/number_recognition/annotations/bibs/ground_truth/mm-alicante-17/DSC_4417-01.jpg,y,797
data/number_recognition/annotations/bibs/ground_truth/bajada-marjal-17/IMG_5496-01.JPG,y,213
data/number_recognition/annotations/bibs/ground_truth/bajada-marjal-17/IMG_5481-00.JPG,y,171
data/number_recognition/annotations/bibs/ground_truth/mm-alicante-17/DSC_4389-01.jpg,y,189
data/number_recognition/annotations/bibs/ground_truth/bajada-marjal-17/IMG_5485-00.JPG,y,256
data/number_recognition/annotations/bibs/ground_truth/bajada-marjal-17/IMG_5514-02.JPG,y,116
data/number_recognition/annotations/bibs/ground_truth/mm-alicante-17/DSC_4405-02.jpg,y,1342
data/number_recognition/annotations/bibs/ground_truth/mm-alicante-17/DSC_4435-02.jpg,y,187
data/number_recognition/annotations/bibs/ground_truth/mm-alicante-17/DSC_4424-02.jpg,y,2104
data/number_recognition/annotations/bibs/ground_truth/mm-alicante-17/DSC_4442-03.jpg,n,
data/number_recognition/annotations/bibs/ground_truth/bajada-marjal-17/IMG_5479-01.JPG,y,171
data/number_recognition/annotations/bibs/ground_truth/mm-alicante-17/DSC_4404-03.jpg,y,581
data/number_recognition/annotations/bibs/ground_truth/mm-alicante-17/DSC_4374-02.jpg,y,618
data/number_recognition/annotations/bibs/ground_truth/mm-alicante-17/DSC_4400-02.jpg,y,2195
data/number_recognition/annotations/bibs/ground_truth/mm-alicante-17/DSC_4423-00.jpg,y,1018
data/number_recognition/annotations/bibs/ground_truth/mm-alicante-17/DSC_4402-02.jpg,y,1328
data/number_recognition/annotations/bibs/ground_truth/bajada-marjal-17/IMG_5487-02.JPG,y,119
data/number_recognition/annotations/bibs/ground_truth/mm-alicante-17/DSC_4384-01.jpg,n,
data/number_recognition/annotations/bibs/ground_truth/bajada-marjal-17/IMG_5509-01.JPG,y,230
data/number_recognition/annotations/bibs/ground_truth/bajada-marjal-17/IMG_5495-03.JPG,y,216
data/number_recognition/annotations/bibs/ground_truth/mm-alicante-17/DSC_4371-04.jpg,y,751
data/number_recognition/annotations/bibs/ground_truth/mm-alicante-17/DSC_4408-00.jpg,y,258
data/number_recognition/annotations/bibs/ground_truth/mm-alicante-17/DSC_4437-01.jpg,y,1877
data/number_recognition/annotations/bibs/ground_truth/mm-alicante-17/DSC_4378-00.jpg,y,1778
data/number_recognition/annotations/bibs/ground_truth/mm-alicante-17/DSC_4420-02.jpg,y,1856
data/number_recognition/annotations/bibs/ground_truth/mm-alicante-17/DSC_4379-02.jpg,y,999
data/number_recognition/annotations/bibs/ground_truth/bajada-marjal-17/IMG_5492-04.JPG,y,216
data/number_recognition/annotations/bibs/ground_truth/mm-alicante-17/DSC_4387-04.jpg,y,923
data/number_recognition/annotations/bibs/ground_truth/bajada-marjal-17/IMG_5472-01.JPG,y,267
data/number_recognition/annotations/bibs/ground_truth/bajada-marjal-17/IMG_5498-02.JPG,y,240
data/number_recognition/annotations/bibs/ground_truth/mm-alicante-17/DSC_4369-01.jpg,y,1850
data/number_recognition/annotations/bibs/ground_truth/mm-alicante-17/DSC_4442-05.jpg,y,697
data/number_recognition/annotations/bibs/ground_truth/bajada-marjal-17/IMG_5437-01.JPG,y,1055
data/number_recognition/annotations/bibs/ground_truth/mm-alicante-17/DSC_4396-03.jpg,y,1787
data/number_recognition/annotations/bibs/ground_truth/mm-alicante-17/DSC_4442-04.jpg,y,279
data/number_recognition/annotations/bibs/ground_truth/bajada-marjal-17/IMG_5480-00.JPG,y,171
data/number_recognition/annotations/bibs/ground_truth/mm-alicante-17/DSC_4406-04.jpg,y,581
data/number_recognition/annotations/bibs/ground_truth/bajada-marjal-17/IMG_5510-01.JPG,y,229
data/number_recognition/annotations/bibs/ground_truth/bajada-marjal-17/IMG_5490-01.JPG,y,231
data/number_recognition/annotations/bibs/ground_truth/mm-alicante-17/DSC_4417-00.jpg,y,109
data/number_recognition/annotations/bibs/ground_truth/mm-alicante-17/DSC_4406-01.jpg,y,1343
data/number_recognition/annotations/bibs/ground_truth/mm-alicante-17/DSC_4441-02.jpg,n,
data/number_recognition/annotations/bibs/ground_truth/bajada-marjal-17/IMG_5515-03.JPG,y,105
data/number_recognition/annotations/bibs/ground_truth/mm-alicante-17/DSC_4415-00.jpg,y,588
data/number_recognition/annotations/bibs/ground_truth/mm-alicante-17/DSC_4372-00.jpg,y,2111
data/number_recognition/annotations/bibs/ground_truth/mm-alicante-17/DSC_4382-02.jpg,n,
data/number_recognition/annotations/bibs/ground_truth/mm-alicante-17/DSC_4374-03.jpg,n,
data/number_recognition/annotations/bibs/ground_truth/mm-alicante-17/DSC_4383-03.jpg,n,
data/number_recognition/annotations/bibs/ground_truth/bajada-marjal-17/IMG_5440-00.JPG,y,142
data/number_recognition/annotations/bibs/ground_truth/mm-alicante-17/DSC_4387-02.jpg,y,1907
data/number_recognition/annotations/bibs/ground_truth/mm-alicante-17/DSC_4377-02.jpg,y,368
data/number_recognition/annotations/bibs/ground_truth/bajada-marjal-17/IMG_5430-00.JPG,y,159
data/number_recognition/annotations/bibs/ground_truth/bajada-marjal-17/IMG_5489-02.JPG,y,173
data/number_recognition/annotations/bibs/ground_truth/mm-alicante-17/DSC_4398-03.jpg,y,2001
data/number_recognition/annotations/bibs/ground_truth/mm-alicante-17/DSC_4377-03.jpg,y,2189
data/number_recognition/annotations/bibs/ground_truth/mm-alicante-17/DSC_4399-01.jpg,n,
data/number_recognition/annotations/bibs/ground_truth/bajada-marjal-17/IMG_5497-03.JPG,y,240
data/number_recognition/annotations/bibs/ground_truth/bajada-marjal-17/IMG_5435-02.JPG,y,85
data/number_recognition/annotations/bibs/ground_truth/mm-alicante-17/DSC_4427-01.jpg,n,
data/number_recognition/annotations/bibs/ground_truth/bajada-marjal-17/IMG_5473-00.JPG,y,95
data/number_recognition/annotations/bibs/ground_truth/bajada-marjal-17/IMG_5496-04.JPG,y,217
data/number_recognition/annotations/bibs/ground_truth/mm-alicante-17/DSC_4410-01.jpg,y,2090
data/number_recognition/annotations/bibs/ground_truth/bajada-marjal-17/IMG_5433-02.JPG,y,85
data/number_recognition/annotations/bibs/ground_truth/bajada-marjal-17/IMG_5476-00.JPG,y,235
data/number_recognition/annotations/bibs/ground_truth/mm-alicante-17/DSC_4392-01.jpg,y,1637
data/number_recognition/annotations/bibs/ground_truth/mm-alicante-17/DSC_4393-05.jpg,n,
data/number_recognition/annotations/bibs/ground_truth/bajada-marjal-17/IMG_5438-01.JPG,y,175
data/number_recognition/annotations/bibs/ground_truth/mm-alicante-17/DSC_4388-01.jpg,y,1998
data/number_recognition/annotations/bibs/ground_truth/bajada-marjal-17/IMG_5447-01.JPG,y,183
data/number_recognition/annotations/bibs/ground_truth/mm-alicante-17/DSC_4423-01.jpg,n,
data/number_recognition/annotations/bibs/ground_truth/mm-alicante-17/DSC_4433-03.jpg,y,1511
data/number_recognition/annotations/bibs/ground_truth/mm-alicante-17/DSC_4413-00.jpg,y,1582
data/number_recognition/annotations/bibs/ground_truth/bajada-marjal-17/IMG_5498-01.JPG,y,88
data/number_recognition/annotations/bibs/ground_truth/bajada-marjal-17/IMG_5511-06.JPG,y,117
data/number_recognition/annotations/bibs/ground_truth/mm-alicante-17/DSC_4381-01.jpg,y,1164
data/number_recognition/annotations/bibs/ground_truth/bajada-marjal-17/IMG_5465-02.JPG,y,89
data/number_recognition/annotations/bibs/ground_truth/bajada-marjal-17/IMG_5502-00.JPG,y,101
data/number_recognition/annotations/bibs/ground_truth/mm-alicante-17/DSC_4399-03.jpg,n,
data/number_recognition/annotations/bibs/ground_truth/mm-alicante-17/DSC_4379-03.jpg,y,668
data/number_recognition/annotations/bibs/ground_truth/mm-alicante-17/DSC_4420-00.jpg,y,2178
data/number_recognition/annotations/bibs/ground_truth/mm-alicante-17/DSC_4440-00.jpg,y,1816
data/number_recognition/annotations/bibs/ground_truth/mm-alicante-17/DSC_4368-01.jpg,y,887
data/number_recognition/annotations/bibs/ground_truth/mm-alicante-17/DSC_4367-01.jpg,n,
data/number_recognition/annotations/bibs/ground_truth/bajada-marjal-17/IMG_5436-00.JPG,y,287
data/number_recognition/annotations/bibs/ground_truth/bajada-marjal-17/IMG_5469-01.JPG,n,
data/number_recognition/annotations/bibs/ground_truth/bajada-marjal-17/IMG_5478-00.JPG,y,225
data/number_recognition/annotations/bibs/ground_truth/mm-alicante-17/DSC_4423-02.jpg,y,1856
data/number_recognition/annotations/bibs/ground_truth/mm-alicante-17/DSC_4421-01.jpg,y,669
data/number_recognition/annotations/bibs/ground_truth/mm-alicante-17/DSC_4404-04.jpg,n,
data/number_recognition/annotations/bibs/ground_truth/mm-alicante-17/DSC_4431-01.jpg,y,2179
data/number_recognition/annotations/bibs/ground_truth/bajada-marjal-17/IMG_5482-00.JPG,n,
data/number_recognition/annotations/bibs/ground_truth/mm-alicante-17/DSC_4412-02.jpg,n,
data/number_recognition/annotations/bibs/ground_truth/bajada-marjal-17/IMG_5490-00.JPG,y,219
data/number_recognition/annotations/bibs/ground_truth/bajada-marjal-17/IMG_5438-00.JPG,y,1051
data/number_recognition/annotations/bibs/ground_truth/bajada-marjal-17/IMG_5433-03.JPG,y,140
data/number_recognition/annotations/bibs/ground_truth/bajada-marjal-17/IMG_5451-00.JPG,y,207
data/number_recognition/annotations/bibs/ground_truth/mm-alicante-17/DSC_4373-03.jpg,n,
data/number_recognition/annotations/bibs/ground_truth/mm-alicante-17/DSC_4415-02.jpg,n,
data/number_recognition/annotations/bibs/ground_truth/bajada-marjal-17/IMG_5449-00.JPG,y,154
data/number_recognition/annotations/bibs/ground_truth/mm-alicante-17/DSC_4403-00.jpg,y,468
data/number_recognition/annotations/bibs/ground_truth/bajada-marjal-17/IMG_5433-00.JPG,y,112
data/number_recognition/annotations/bibs/ground_truth/mm-alicante-17/DSC_4404-02.jpg,y,1343
data/number_recognition/annotations/bibs/ground_truth/bajada-marjal-17/IMG_5509-02.JPG,y,229
data/number_recognition/annotations/bibs/ground_truth/mm-alicante-17/DSC_4433-02.jpg,y,802
data/number_recognition/annotations/bibs/ground_truth/mm-alicante-17/DSC_4433-04.jpg,n,
data/number_recognition/annotations/bibs/ground_truth/mm-alicante-17/DSC_4445-02.jpg,y,1731
data/number_recognition/annotations/bibs/ground_truth/mm-alicante-17/DSC_4408-01.jpg,y,2090
data/number_recognition/annotations/bibs/ground_truth/mm-alicante-17/DSC_4405-04.jpg,y,1343
data/number_recognition/annotations/bibs/ground_truth/mm-alicante-17/DSC_4437-00.jpg,y,1816
data/number_recognition/annotations/bibs/ground_truth/bajada-marjal-17/IMG_5497-01.JPG,y,161
data/number_recognition/annotations/bibs/ground_truth/mm-alicante-17/DSC_4391-01.jpg,n,
data/number_recognition/annotations/bibs/ground_truth/mm-alicante-17/DSC_4396-02.jpg,y,2246
data/number_recognition/annotations/bibs/ground_truth/mm-alicante-17/DSC_4436-02.jpg,y,1809
data/number_recognition/annotations/bibs/ground_truth/mm-alicante-17/DSC_4409-00.jpg,y,2090
data/number_recognition/annotations/bibs/ground_truth/mm-alicante-17/DSC_4414-03.jpg,n,
data/number_recognition/annotations/bibs/ground_truth/bajada-marjal-17/IMG_5495-00.JPG,y,214
data/number_recognition/annotations/bibs/ground_truth/mm-alicante-17/DSC_4430-01.jpg,y,721
data/number_recognition/annotations/bibs/ground_truth/mm-alicante-17/DSC_4419-01.jpg,n,
data/number_recognition/annotations/bibs/ground_truth/mm-alicante-17/DSC_4388-00.jpg,y,1325
data/number_recognition/annotations/bibs/ground_truth/bajada-marjal-17/IMG_5449-01.JPG,y,149
data/number_recognition/annotations/bibs/ground_truth/bajada-marjal-17/IMG_5488-01.JPG,y,247
data/number_recognition/annotations/bibs/ground_truth/bajada-marjal-17/IMG_5493-00.JPG,y,288
data/number_recognition/annotations/bibs/ground_truth/bajada-marjal-17/IMG_5436-01.JPG,y,145
data/number_recognition/annotations/bibs/ground_truth/bajada-marjal-17/IMG_5466-00.JPG,y,89
data/number_recognition/annotations/bibs/ground_truth/mm-alicante-17/DSC_4369-00.jpg,y,887
data/number_recognition/annotations/bibs/ground_truth/bajada-marjal-17/IMG_5436-02.JPG,y,175
data/number_recognition/annotations/bibs/ground_truth/bajada-marjal-17/IMG_5511-05.JPG,y,116
data/number_recognition/annotations/bibs/ground_truth/mm-alicante-17/DSC_4384-00.jpg,y,1109
data/number_recognition/annotations/bibs/ground_truth/mm-alicante-17/DSC_4390-01.jpg,n,
data/number_recognition/annotations/bibs/ground_truth/mm-alicante-17/DSC_4383-02.jpg,y,1109
data/number_recognition/annotations/bibs/ground_truth/mm-alicante-17/DSC_4413-01.jpg,y,2502
data/number_recognition/annotations/bibs/ground_truth/mm-alicante-17/DSC_4394-01.jpg,y,1637
data/number_recognition/annotations/bibs/ground_truth/mm-alicante-17/DSC_4399-02.jpg,y,2001
data/number_recognition/annotations/bibs/ground_truth/mm-alicante-17/DSC_4441-03.jpg,n,
data/number_recognition/annotations/bibs/ground_truth/mm-alicante-17/DSC_4427-02.jpg,y,2213
data/number_recognition/annotations/bibs/ground_truth/bajada-marjal-17/IMG_5447-02.JPG,y,97
data/number_recognition/annotations/bibs/ground_truth/mm-alicante-17/DSC_4387-05.jpg,y,780
data/number_recognition/annotations/bibs/ground_truth/bajada-marjal-17/IMG_5448-00.JPG,y,93
data/number_recognition/annotations/bibs/ground_truth/bajada-marjal-17/IMG_5461-00.JPG,y,197
data/number_recognition/annotations/bibs/ground_truth/bajada-marjal-17/IMG_5505-00.JPG,y,250
data/number_recognition/annotations/bibs/ground_truth/bajada-marjal-17/IMG_5492-05.JPG,y,217
data/number_recognition/annotations/bibs/ground_truth/bajada-marjal-17/IMG_5479-00.JPG,y,225
data/number_recognition/annotations/bibs/ground_truth/bajada-marjal-17/IMG_5432-01.JPG,y,233
data/number_recognition/annotations/bibs/ground_truth/mm-alicante-17/DSC_4371-05.jpg,n,
data/number_recognition/annotations/bibs/ground_truth/bajada-marjal-17/IMG_5485-01.JPG,y,108
data/number_recognition/annotations/bibs/ground_truth/mm-alicante-17/DSC_4370-00.jpg,y,1850
data/number_recognition/annotations/bibs/ground_truth/mm-alicante-17/DSC_4415-03.jpg,y,109
data/number_recognition/annotations/bibs/ground_truth/mm-alicante-17/DSC_4371-02.jpg,y,223
data/number_recognition/annotations/bibs/ground_truth/bajada-marjal-17/IMG_5473-01.JPG,y,86
data/number_recognition/annotations/bibs/ground_truth/mm-alicante-17/DSC_4368-00.jpg,n,
data/number_recognition/annotations/bibs/ground_truth/mm-alicante-17/DSC_4414-04.jpg,n,
data/number_recognition/annotations/bibs/ground_truth/bajada-marjal-17/IMG_5498-00.JPG,y,161
data/number_recognition/annotations/bibs/ground_truth/bajada-marjal-17/IMG_5492-03.JPG,y,169
data/number_recognition/annotations/bibs/ground_truth/mm-alicante-17/DSC_4398-02.jpg,n,
data/number_recognition/annotations/bibs/ground_truth/bajada-marjal-17/IMG_5517-01.JPG,y,139
data/number_recognition/annotations/bibs/ground_truth/mm-alicante-17/DSC_4407-02.jpg,y,2090
data/number_recognition/annotations/bibs/ground_truth/bajada-marjal-17/IMG_5436-03.JPG,y,1055
data/number_recognition/annotations/bibs/ground_truth/mm-alicante-17/DSC_4426-02.jpg,y,2093
data/number_recognition/annotations/bibs/ground_truth/bajada-marjal-17/IMG_5502-01.JPG,y,250
data/number_recognition/annotations/bibs/ground_truth/mm-alicante-17/DSC_4409-01.jpg,n,
data/number_recognition/annotations/bibs/ground_truth/bajada-marjal-17/IMG_5495-06.JPG,y,88
data/number_recognition/annotations/bibs/ground_truth/bajada-marjal-17/IMG_5516-01.JPG,y,139
data/number_recognition/annotations/bibs/ground_truth/bajada-marjal-17/IMG_5429-00.JPG,y,181
data/number_recognition/annotations/bibs/ground_truth/bajada-marjal-17/IMG_5470-00.JPG,y,110
data/number_recognition/annotations/bibs/ground_truth/bajada-marjal-17/IMG_5477-00.JPG,y,170
data/number_recognition/annotations/bibs/ground_truth/mm-alicante-17/DSC_4390-00.jpg,y,780
data/number_recognition/annotations/bibs/ground_truth/mm-alicante-17/DSC_4412-01.jpg,y,2502
data/number_recognition/annotations/bibs/ground_truth/bajada-marjal-17/IMG_5494-00.JPG,y,214
data/number_recognition/annotations/bibs/ground_truth/mm-alicante-17/DSC_4375-02.jpg,y,368
data/number_recognition/annotations/bibs/ground_truth/mm-alicante-17/DSC_4392-00.jpg,n,
data/number_recognition/annotations/bibs/ground_truth/mm-alicante-17/DSC_4412-03.jpg,n,
data/number_recognition/annotations/bibs/ground_truth/bajada-marjal-17/IMG_5486-02.JPG,y,119
data/number_recognition/annotations/bibs/ground_truth/bajada-marjal-17/IMG_5439-00.JPG,y,142
data/number_recognition/annotations/bibs/ground_truth/mm-alicante-17/DSC_4422-02.jpg,y,971
data/number_recognition/annotations/bibs/ground_truth/bajada-marjal-17/IMG_5448-01.JPG,y,97
data/number_recognition/annotations/bibs/ground_truth/bajada-marjal-17/IMG_5442-00.JPG,y,120
data/number_recognition/annotations/bibs/ground_truth/mm-alicante-17/DSC_4426-00.jpg,y,547
data/number_recognition/annotations/bibs/ground_truth/bajada-marjal-17/IMG_5450-00.JPG,y,263
data/number_recognition/annotations/bibs/ground_truth/bajada-marjal-17/IMG_5516-02.JPG,n,
data/number_recognition/annotations/bibs/ground_truth/bajada-marjal-17/IMG_5483-01.JPG,y,176
data/number_recognition/annotations/bibs/ground_truth/bajada-marjal-17/IMG_5496-00.JPG,y,214
data/number_recognition/annotations/bibs/ground_truth/mm-alicante-17/DSC_4409-02.jpg,y,260
data/number_recognition/annotations/bibs/ground_truth/mm-alicante-17/DSC_4421-00.jpg,y,2178
data/number_recognition/annotations/bibs/ground_truth/bajada-marjal-17/IMG_5513-02.JPG,y,221
data/number_recognition/annotations/bibs/ground_truth/mm-alicante-17/DSC_4428-00.jpg,y,2093
data/number_recognition/annotations/bibs/ground_truth/mm-alicante-17/DSC_4375-04.jpg,y,2189
data/number_recognition/annotations/bibs/ground_truth/mm-alicante-17/DSC_4397-01.jpg,y,1788
data/number_recognition/annotations/bibs/ground_truth/mm-alicante-17/DSC_4414-02.jpg,y,1922
data/number_recognition/annotations/bibs/ground_truth/mm-alicante-17/DSC_4442-00.jpg,y,1874
data/number_recognition/annotations/bibs/ground_truth/bajada-marjal-17/IMG_5469-00.JPG,y,110
data/number_recognition/annotations/bibs/ground_truth/mm-alicante-17/DSC_4443-02.jpg,n,
data/number_recognition/annotations/bibs/ground_truth/bajada-marjal-17/IMG_5517-00.JPG,y,147
data/number_recognition/annotations/bibs/ground_truth/mm-alicante-17/DSC_4379-00.jpg,y,455
data/number_recognition/annotations/bibs/ground_truth/mm-alicante-17/DSC_4380-02.jpg,y,455
data/number_recognition/annotations/bibs/ground_truth/mm-alicante-17/DSC_4432-02.jpg,n,
data/number_recognition/annotations/bibs/ground_truth/mm-alicante-17/DSC_4391-00.jpg,y,663
data/number_recognition/annotations/bibs/ground_truth/mm-alicante-17/DSC_4374-04.jpg,n,
data/number_recognition/annotations/bibs/ground_truth/mm-alicante-17/DSC_4440-01.jpg,y,1877
data/number_recognition/annotations/bibs/ground_truth/mm-alicante-17/DSC_4394-00.jpg,y,1415
data/number_recognition/annotations/bibs/ground_truth/mm-alicante-17/DSC_4431-00.jpg,y,1658
data/number_recognition/annotations/bibs/ground_truth/bajada-marjal-17/IMG_5495-05.JPG,y,161
data/number_recognition/annotations/bibs/ground_truth/mm-alicante-17/DSC_4434-01.jpg,y,325
data/number_recognition/annotations/bibs/ground_truth/bajada-marjal-17/IMG_5429-01.JPG,y,180
data/number_recognition/annotations/bibs/ground_truth/mm-alicante-17/DSC_4405-01.jpg,y,1378
data/number_recognition/annotations/bibs/ground_truth/mm-alicante-17/DSC_4384-02.jpg,n,
data/number_recognition/annotations/bibs/ground_truth/mm-alicante-17/DSC_4400-03.jpg,n,
data/number_recognition/annotations/bibs/ground_truth/mm-alicante-17/DSC_4419-00.jpg,n,
data/number_recognition/annotations/bibs/ground_truth/mm-alicante-17/DSC_4376-00.jpg,y,1764
data/number_recognition/annotations/bibs/ground_truth/bajada-marjal-17/IMG_5514-01.JPG,y,106
data/number_recognition/annotations/bibs/ground_truth/mm-alicante-17/DSC_4371-00.jpg,y,447
data/number_recognition/annotations/bibs/ground_truth/bajada-marjal-17/IMG_5508-02.JPG,y,229
data/number_recognition/annotations/bibs/ground_truth/bajada-marjal-17/IMG_5442-01.JPG,y,211
data/number_recognition/annotations/bibs/ground_truth/bajada-marjal-17/IMG_5444-00.JPG,y,115
data/number_recognition/annotations/bibs/ground_truth/mm-alicante-17/DSC_4389-02.jpg,y,780
data/number_recognition/annotations/bibs/ground_truth/bajada-marjal-17/IMG_5463-00.JPG,n,
data/number_recognition/annotations/bibs/ground_truth/mm-alicante-17/DSC_4368-02.jpg,y,1850
data/number_recognition/annotations/bibs/ground_truth/mm-alicante-17/DSC_4407-03.jpg,y,173
data/number_recognition/annotations/bibs/ground_truth/bajada-marjal-17/IMG_5501-01.JPG,y,205
data/number_recognition/annotations/bibs/ground_truth/mm-alicante-17/DSC_4438-01.jpg,y,1877
data/number_recognition/annotations/bibs/ground_truth/bajada-marjal-17/IMG_5450-01.JPG,y,207
data/number_recognition/annotations/bibs/ground_truth/bajada-marjal-17/IMG_5494-06.JPG,y,88
data/number_recognition/annotations/bibs/ground_truth/bajada-marjal-17/IMG_5450-02.JPG,y,138
data/number_recognition/annotations/bibs/ground_truth/bajada-marjal-17/IMG_5489-01.JPG,y,247
data/number_recognition/annotations/bibs/ground_truth/mm-alicante-17/DSC_4451-00.jpg,y,1340
data/number_recognition/annotations/bibs/ground_truth/mm-alicante-17/DSC_4454-01.jpg,y,2165
data/number_recognition/annotations/bibs/ground_truth/mm-alicante-17/DSC_4446-04.jpg,n,
data/number_recognition/annotations/bibs/ground_truth/mm-alicante-17/DSC_4447-03.jpg,y,2037
data/number_recognition/annotations/bibs/ground_truth/mm-alicante-17/DSC_4452-01.jpg,y,298
data/number_recognition/annotations/bibs/ground_truth/mm-alicante-17/DSC_4454-05.jpg,y,2506
data/number_recognition/annotations/bibs/ground_truth/mm-alicante-17/DSC_4449-01.jpg,y,692
data/number_recognition/annotations/bibs/ground_truth/mm-alicante-17/DSC_4449-02.jpg,n,
data/number_recognition/annotations/bibs/ground_truth/mm-alicante-17/DSC_4449-04.jpg,n,
data/number_recognition/annotations/bibs/ground_truth/mm-alicante-17/DSC_4450-00.jpg,y,1859
data/number_recognition/annotations/bibs/ground_truth/mm-alicante-17/DSC_4447-02.jpg,y,2079
data/number_recognition/annotations/bibs/ground_truth/mm-alicante-17/DSC_4446-01.jpg,y,2079
data/number_recognition/annotations/bibs/ground_truth/mm-alicante-17/DSC_4449-00.jpg,y,1859
data/number_recognition/annotations/bibs/ground_truth/mm-alicante-17/DSC_4446-03.jpg,y,389
data/number_recognition/annotations/bibs/ground_truth/mm-alicante-17/DSC_4448-00.jpg,y,2037
data/number_recognition/annotations/bibs/ground_truth/mm-alicante-17/DSC_4448-01.jpg,y,692
data/number_recognition/annotations/bibs/ground_truth/mm-alicante-17/DSC_4452-02.jpg,n,
data/number_recognition/annotations/bibs/ground_truth/mm-alicante-17/DSC_4446-02.jpg,y,2037
data/number_recognition/annotations/bibs/ground_truth/mm-alicante-17/DSC_4447-01.jpg,y,389
data/number_recognition/annotations/bibs/ground_truth/mm-alicante-17/DSC_4447-00.jpg,y,2076
data/number_recognition/annotations/bibs/ground_truth/mm-alicante-17/DSC_4449-03.jpg,y,1429
data/number_recognition/annotations/bibs/ground_truth/mm-alicante-17/DSC_4455-00.jpg,y,1742
data/number_recognition/annotations/bibs/ground_truth/mm-alicante-17/DSC_4454-04.jpg,n,
data/number_recognition/annotations/bibs/ground_truth/mm-alicante-17/DSC_4446-05.jpg,n,
data/number_recognition/annotations/bibs/ground_truth/mm-alicante-17/DSC_4454-02.jpg,y,1742
data/number_recognition/annotations/bibs/ground_truth/mm-alicante-17/DSC_4450-01.jpg,n,
data/number_recognition/annotations/bibs/ground_truth/mm-alicante-17/DSC_4452-00.jpg,y,1340
data/number_recognition/annotations/bibs/ground_truth/mm-alicante-17/DSC_4454-03.jpg,n,
data/number_recognition/annotations/bibs/ground_truth/mm-alicante-17/DSC_4453-01.jpg,n,
data/number_recognition/annotations/bibs/ground_truth/mm-alicante-17/DSC_4447-04.jpg,y,692
data/number_recognition/annotations/bibs/ground_truth/mm-alicante-17/DSC_4453-00.jpg,y,97
data/number_recognition/annotations/bibs/ground_truth/mm-alicante-17/DSC_4455-01.jpg,y,2165
data/number_recognition/annotations/bibs/ground_truth/mm-alicante-17/DSC_4454-00.jpg,y,901
data/number_recognition/annotations/bibs/ground_truth/mm-alicante-17/DSC_4448-02.jpg,n,
data/number_recognition/annotations/bibs/ground_truth/mm-alicante-17/DSC_4456-03.jpg,y,200
data/number_recognition/annotations/bibs/ground_truth/mm-alicante-17/DSC_4456-01.jpg,n,
data/number_recognition/annotations/bibs/ground_truth/mm-alicante-17/DSC_4456-02.jpg,n,
data/number_recognition/annotations/bibs/ground_truth/mm-alicante-17/DSC_4456-00.jpg,y,2165
data/number_recognition/annotations/bibs/ground_truth/mm-alicante-17/DSC_4457-00.jpg,y,0217
data/number_recognition/annotations/bibs/ground_truth/mm-alicante-17/DSC_4456-04.jpg,y,506
data/number_recognition/annotations/bibs/ground_truth/mm-alicante-17/DSC_4457-02.jpg,n,
data/number_recognition/annotations/bibs/ground_truth/mm-alicante-17/DSC_4457-01.jpg,y,0505
data/number_recognition/annotations/bibs/ground_truth/mm-alicante-17/DSC_4455-02.jpg,n,
data/number_recognition/annotations/bibs/ground_truth/mm-alicante-17/DSC_4455-03.jpg,y,2506
data/number_recognition/annotations/bibs/ground_truth/mm-alicante-17/DSC_4458-00.jpg,y,0696
data/number_recognition/annotations/bibs/ground_truth/mm-alicante-17/DSC_4457-04.jpg,y,2509
data/number_recognition/annotations/bibs/ground_truth/mm-alicante-17/DSC_4459-01.jpg,y,1366
data/number_recognition/annotations/bibs/ground_truth/mm-alicante-17/DSC_4457-03.jpg,n,
data/number_recognition/annotations/bibs/ground_truth/mm-alicante-17/DSC_4457-05.jpg,n,
data/number_recognition/annotations/bibs/ground_truth/mm-alicante-17/DSC_4460-00.jpg,y,0974
data/number_recognition/annotations/bibs/ground_truth/mm-alicante-17/DSC_4459-02.jpg,n,
data/number_recognition/annotations/bibs/ground_truth/mm-alicante-17/DSC_4460-01.jpg,n,
data/number_recognition/annotations/bibs/ground_truth/mm-alicante-17/DSC_4459-00.jpg,y,0974
data/number_recognition/annotations/bibs/ground_truth/mm-alicante-17/DSC_4458-01.jpg,y,0974
data/number_recognition/annotations/bibs/ground_truth/mm-alicante-17/DSC_4463-03.jpg,y,1840
data/number_recognition/annotations/bibs/ground_truth/mm-alicante-17/DSC_4463-01.jpg,n,
data/number_recognition/annotations/bibs/ground_truth/mm-alicante-17/DSC_4463-02.jpg,y,1888
data/number_recognition/annotations/bibs/ground_truth/mm-alicante-17/DSC_4461-01.jpg,n,
data/number_recognition/annotations/bibs/ground_truth/mm-alicante-17/DSC_4463-00.jpg,y,0465
data/number_recognition/annotations/bibs/ground_truth/mm-alicante-17/DSC_4462-00.jpg,y,1950
data/number_recognition/annotations/bibs/ground_truth/mm-alicante-17/DSC_4462-01.jpg,n,
data/number_recognition/annotations/bibs/ground_truth/mm-alicante-17/DSC_4460-02.jpg,y,0972
data/number_recognition/annotations/bibs/ground_truth/mm-alicante-17/DSC_4460-03.jpg,n,
data/number_recognition/annotations/bibs/ground_truth/mm-alicante-17/DSC_4461-00.jpg,y,1950
data/number_recognition/annotations/bibs/ground_truth/mm-alicante-17/DSC_4464-02.jpg,y,1832
data/number_recognition/annotations/bibs/ground_truth/mm-alicante-17/DSC_4464-00.jpg,y,1888
data/number_recognition/annotations/bibs/ground_truth/mm-alicante-17/DSC_4465-01.jpg,y,1840
data/number_recognition/annotations/bibs/ground_truth/mm-alicante-17/DSC_4465-03.jpg,y,1797
data/number_recognition/annotations/bibs/ground_truth/mm-alicante-17/DSC_4465-00.jpg,y,1832
data/number_recognition/annotations/bibs/ground_truth/mm-alicante-17/DSC_4465-02.jpg,y,1448
